Month,r1,r2,r3,r4,r5,r6,r7,r8,r9,r10,r11,r12,r13,r14,r15,r16,r17,r18,r19,r20,r21,r22,r23,r24,r25
196307,0.85,0.24,0.56,-0.02,-1.22,-1.87,0.29,-0.84,-1.90,-1.19,-1.84,-1.87,-0.81,-2.21,-1.80,-0.93,-1.63,-2.07,-1.67,-1.86,0.14,0.46,1.23,-0.45,-1.11
196308,3.80,2.15,1.32,2.29,4.73,5.40,4.65,4.36,4.33,8.23,5.36,4.62,5.63,4.72,5.15,5.59,4.81,6.12,7.56,5.35,5.77,4.22,4.77,8.16,6.25
196309,-2.70,0.26,-1.09,-1.59,-0.38,-3.92,-1.57,-0.64,-1.13,-2.91,-4.65,-1.52,-0.69,-0.10,-1.82,-2.67,-1.95,-2.00,-3.58,-1.99,-1.37,-0.77,-0.98,-0.12,-3.82
196310,1.36,-0.63,1.24,0.05,2.37,1.19,4.30,2.34,2.26,3.93,2.26,0.50,2.70,2.16,1.07,-0.24,0.93,2.30,5.34,0.61,5.33,1.73,-0.26,2.36,0.48
196311,-3.11,-4.32,-1.60,-1.00,-1.11,-4.18,-1.76,-0.71,-0.09,-0.11,-2.92,-1.58,-0.91,-0.90,-1.21,-0.91,-0.86,-0.51,1.15,3.54,-1.26,0.98,-1.55,-2.05,1.37
196312,-2.94,-0.55,-0.90,-1.75,-0.97,-0.68,-0.91,1.15,0.97,0.12,0.60,1.17,1.52,1.52,0.47,-0.17,1.27,1.63,3.14,6.15,2.62,2.30,2.28,2.38,2.37
196401,3.95,3.17,4.11,4.22,4.87,-1.80,-0.64,3.67,1.49,4.23,0.50,0.57,2.53,4.03,3.22,-0.43,1.84,1.14,3.62,3.34,3.09,3.17,1.80,2.11,1.42
196402,3.14,2.66,2.26,0.30,4.49,1.62,1.73,2.51,2.01,6.10,0.31,2.61,1.80,3.58,4.01,2.61,1.36,3.13,7.45,4.61,1.82,0.52,1.03,3.87,3.96
196403,0.63,1.11,2.38,3.64,2.71,2.32,3.24,3.54,5.69,6.15,-0.63,2.61,4.51,5.55,6.75,1.78,2.74,5.42,6.95,0.72,1.16,0.72,3.80,4.01,-0.39
196404,-1.70,2.58,-0.41,-1.00,-0.90,-0.76,-4.07,0.61,-1.49,-0.66,-2.01,-1.15,0.34,-0.85,-1.02,-2.72,0.84,1.45,-2.06,-2.28,0.23,1.49,0.77,-1.00,2.81
196405,-1.40,-1.17,0.47,0.45,1.47,3.13,0.36,2.96,1.82,3.74,-0.49,1.63,-0.29,1.94,2.50,1.20,2.36,1.36,2.61,4.10,2.07,0.32,1.26,4.22,3.45
196406,1.92,0.63,1.28,0.77,1.09,0.88,1.68,1.60,1.15,2.21,0.86,2.20,2.24,2.48,1.24,1.09,1.33,1.13,2.88,3.11,0.97,2.91,0.21,1.37,2.46
196407,0.85,3.88,3.27,2.64,4.71,1.06,1.72,4.14,3.11,2.45,2.81,2.58,3.03,3.28,1.24,1.19,3.40,1.57,1.77,3.12,2.58,0.69,3.95,1.79,1.09
196408,1.27,-1.91,-1.78,-0.92,-0.49,-1.79,-2.55,-1.06,0.32,-1.85,-2.78,-0.76,0.57,-0.20,-2.02,-1.02,0.19,1.02,-0.02,-0.24,-1.28,-1.54,-0.07,-0.86,-3.25
196409,4.69,4.03,5.91,2.73,3.98,3.54,2.27,2.56,2.00,4.75,1.76,1.95,3.23,3.23,3.77,3.05,3.35,4.30,4.85,4.76,3.11,1.18,4.44,4.59,6.54
196410,1.70,0.37,2.65,2.21,3.36,-1.48,1.90,2.07,1.31,1.36,3.21,3.54,1.75,1.37,2.72,1.15,1.21,1.27,3.19,3.48,0.33,1.04,0.35,0.38,3.87
196411,-0.16,-0.41,0.72,0.75,0.52,-0.70,-0.25,0.09,-0.60,-1.76,1.61,0.46,-0.02,0.43,0.16,0.75,1.51,-0.61,-0.83,-4.06,1.04,-0.28,1.49,-1.35,-4.69
196412,-1.51,-1.40,-2.29,-2.62,-1.84,1.43,0.08,0.74,-2.21,-0.95,0.12,0.91,-0.39,-1.81,-0.91,0.89,0.05,-1.62,-0.96,-1.44,0.83,1.32,-0.93,-1.18,-1.31
196501,8.56,5.83,6.08,7.22,8.77,7.65,5.98,5.61,5.99,6.18,5.20,6.23,5.11,6.06,6.97,6.67,4.13,5.23,5.12,7.49,4.70,1.26,3.10,3.60,3.55
196502,1.58,1.07,2.47,3.04,3.73,3.44,4.02,3.70,3.49,3.59,3.90,4.94,4.79,2.89,3.44,1.44,3.51,3.99,3.20,1.79,0.18,-0.18,0.08,-0.38,-1.24
196503,1.40,2.72,1.25,2.33,3.25,2.02,-1.50,0.99,1.30,0.59,-0.29,-0.36,-0.30,1.45,0.64,-0.59,-0.35,-0.48,0.44,2.09,-1.32,-1.66,-1.64,-0.60,0.29
196504,3.38,4.86,5.16,4.07,4.60,0.00,4.51,4.61,4.70,5.14,2.80,2.99,4.32,3.53,6.80,2.69,2.93,4.67,4.39,2.64,4.59,1.87,2.11,2.15,4.26
196505,-0.60,-2.32,-1.55,-0.41,-1.27,1.27,-1.37,-0.81,-0.33,-2.16,-0.41,0.38,-1.48,-0.81,-0.58,-1.09,-0.03,-0.95,-0.36,-3.31,-0.72,0.93,-0.23,-0.60,-3.42
196506,-12.40,-10.76,-9.53,-8.00,-9.57,-10.38,-8.35,-9.05,-8.33,-8.29,-6.95,-9.31,-8.44,-8.73,-8.38,-6.46,-6.92,-8.15,-8.66,-8.97,-4.43,-3.58,-4.98,-3.65,-5.43
196507,2.44,3.74,3.20,2.29,4.33,3.88,1.25,2.69,3.73,4.29,1.24,4.52,2.51,4.49,4.65,2.71,3.10,4.18,2.61,5.79,1.52,-0.04,1.89,3.87,5.06
196508,2.91,5.42,5.38,3.80,3.93,7.46,3.89,4.82,4.45,4.10,8.08,5.05,7.65,3.65,5.91,4.19,4.02,5.34,3.10,4.34,3.26,1.36,3.49,1.12,2.40
196509,3.08,6.18,1.62,3.94,3.14,5.55,3.59,2.85,4.87,2.92,2.79,4.30,2.44,5.15,4.65,3.73,3.73,1.23,2.88,3.83,3.93,2.32,2.48,3.52,3.25
196510,5.97,8.65,6.74,5.63,9.04,4.70,5.95,4.06,5.39,5.38,4.75,4.83,5.68,5.67,5.10,4.23,3.18,2.93,4.32,7.87,3.14,0.27,3.05,4.42,5.48
196511,3.59,6.28,3.04,8.09,6.64,1.43,5.51,4.22,5.43,4.05,3.61,3.38,5.29,3.00,2.65,3.40,2.81,3.37,1.02,6.08,-0.30,-1.85,1.25,-1.28,-2.27
196512,6.41,7.23,2.66,3.87,4.97,3.75,4.96,4.36,2.39,7.37,2.57,1.33,4.02,1.46,5.63,1.18,1.34,1.62,4.45,4.78,1.01,-0.21,1.26,2.80,2.96
196601,5.88,6.08,8.45,9.58,9.24,4.94,5.42,5.15,5.32,6.40,4.03,2.84,2.92,4.70,6.01,0.63,2.05,4.95,4.18,5.70,-0.37,-0.64,1.73,3.06,3.50
196602,6.49,6.16,1.87,4.64,6.12,5.08,5.19,1.95,-0.21,3.53,0.10,1.86,4.31,2.42,2.90,2.31,-1.57,0.64,0.69,3.55,-1.33,-2.27,-1.69,-1.97,-2.06
196603,0.43,-0.85,-1.70,-0.84,-1.10,0.18,-1.69,-2.13,-3.63,-1.56,-1.70,-4.71,-2.36,-3.34,-3.71,-0.08,-1.39,-3.30,-2.54,-4.22,-1.47,-3.42,-1.09,-2.15,-4.50
196604,10.51,4.68,5.78,6.93,3.89,2.70,5.19,3.73,7.70,8.80,3.86,4.05,3.13,4.49,2.40,4.04,2.49,3.46,4.77,0.34,2.11,1.87,1.22,2.41,2.00
196605,-12.30,-13.06,-10.87,-10.76,-11.79,-9.81,-10.04,-8.89,-10.03,-9.18,-6.36,-7.03,-7.64,-10.58,-9.48,-5.11,-5.16,-6.71,-8.78,-10.76,-4.19,-3.87,-4.73,-5.51,-5.45
196606,-0.68,-0.52,1.28,1.54,0.37,1.36,0.43,0.30,-0.65,0.25,0.27,-0.52,2.69,-0.46,-0.68,-1.06,-0.36,0.00,3.55,-0.08,-2.00,-1.48,-0.69,0.86,-0.69
196607,-2.00,-1.94,-2.41,-0.02,-1.03,-3.51,-0.94,-1.11,-1.69,-1.69,-0.97,-1.85,-0.82,-1.04,-1.28,-0.92,-1.37,-1.98,-2.63,-2.38,-1.69,-1.49,-0.61,0.91,-1.33
196608,-11.98,-10.59,-9.88,-11.07,-10.38,-13.21,-10.24,-9.55,-9.68,-10.91,-10.58,-8.72,-8.04,-9.83,-8.79,-9.28,-7.66,-7.88,-6.92,-9.40,-7.19,-8.75,-5.70,-6.19,-7.96
196609,-1.88,-2.08,-1.73,-1.89,-1.24,-2.02,0.85,-2.19,-1.82,-2.09,-2.27,-4.60,0.25,-0.44,-1.08,-0.96,0.15,-1.19,-3.20,-0.38,-1.31,1.01,0.48,0.28,-1.62
196610,-7.92,-4.77,-4.60,-1.16,-1.39,-5.64,-0.46,-0.94,0.32,-0.21,-2.07,1.63,3.36,4.76,1.65,0.25,4.95,3.76,3.94,1.93,2.94,5.63,9.20,6.27,6.51
196611,8.44,3.68,4.67,2.46,3.56,7.76,2.73,7.62,1.93,2.69,9.86,6.78,0.94,4.81,0.51,8.45,1.30,1.55,1.94,0.79,3.67,1.90,-2.53,-1.43,-1.07
196612,4.10,2.83,2.42,0.85,0.20,4.75,3.05,1.09,2.24,0.70,3.05,3.36,0.79,3.16,-0.48,3.13,2.32,1.50,3.66,1.95,-0.87,0.08,1.46,-0.14,-0.12
196701,20.42,20.57,19.27,20.61,17.44,16.97,16.06,18.04,17.39,20.47,17.21,14.20,12.32,13.39,14.38,9.96,6.68,10.67,10.99,13.53,7.73,7.10,4.87,7.86,13.79
196702,7.48,4.89,5.58,4.51,5.90,3.25,1.96,2.54,3.25,1.65,1.91,1.96,1.83,0.77,0.85,2.95,-0.40,-0.18,1.11,0.21,2.30,0.67,-0.79,-0.87,-1.33
196703,7.20,6.17,4.95,7.53,5.24,6.87,5.92,7.40,6.57,6.26,5.60,5.56,4.49,7.93,4.33,5.69,4.27,6.00,4.46,5.98,4.26,3.09,3.15,4.67,5.32
196704,6.92,4.04,3.54,4.04,3.56,3.20,3.66,5.20,3.90,3.34,5.54,4.52,3.27,5.53,2.93,6.60,2.98,3.97,3.34,2.82,6.89,2.84,0.11,3.55,1.76
196705,0.36,0.40,-0.73,-0.89,-0.71,-1.28,0.76,0.29,-2.63,-3.57,-3.24,-1.62,-1.75,-0.01,-1.85,-2.35,-0.55,-2.21,-1.32,-0.65,-5.65,-4.21,-4.05,-3.70,-3.66
196706,15.79,9.37,12.59,12.33,10.05,10.25,6.23,7.56,9.41,5.99,4.82,8.26,3.91,4.97,3.67,3.12,2.32,3.79,6.78,6.13,1.42,0.40,1.62,2.90,3.09
196707,9.32,10.01,9.56,7.65,11.85,6.17,6.82,9.50,9.33,8.41,5.38,4.99,5.90,7.31,11.37,4.78,4.66,5.08,7.14,9.21,4.45,5.64,2.11,5.87,6.46
196708,-0.71,0.64,0.20,0.23,2.09,-1.18,-1.31,0.68,0.47,1.11,-3.03,0.77,1.32,1.33,-0.30,-0.85,-0.97,-0.69,1.11,3.92,-0.57,-1.02,-1.53,0.46,1.34
196709,11.76,10.17,8.28,7.66,4.86,5.10,5.89,7.08,5.59,3.11,5.66,1.72,2.89,4.56,2.67,3.69,1.54,2.26,3.53,0.46,3.80,3.15,3.26,1.62,0.25
196710,1.80,-3.98,-1.68,-1.63,-2.66,-0.77,-2.32,0.65,-2.85,-5.07,-3.50,-1.08,-3.61,-3.02,-2.49,-4.67,-5.50,-5.25,-2.55,-5.55,-0.25,-4.02,-2.70,-6.15,-6.51
196711,-1.10,3.79,-1.15,-1.30,-1.10,1.09,0.58,2.44,0.39,0.12,2.69,0.83,0.73,-0.24,-0.92,3.44,0.37,-0.17,-0.11,-0.55,1.32,0.28,0.18,-0.55,0.06
196712,13.13,10.35,8.55,9.67,10.13,12.40,6.29,9.21,7.24,9.13,7.70,5.66,5.45,5.29,7.13,1.35,2.75,4.67,4.56,3.85,1.95,3.05,2.24,5.59,2.79
196801,3.14,2.57,2.90,3.37,6.00,-4.58,-2.17,-0.52,1.17,2.62,-6.88,-0.70,-0.75,-0.70,2.78,-8.15,0.16,-2.86,0.16,-0.53,-6.28,-5.85,0.59,-2.28,-3.85
196802,-10.10,-7.09,-5.44,-6.95,-5.58,-6.92,-6.26,-8.98,-3.55,-5.67,-6.90,-3.93,-3.00,-2.36,-4.59,-5.39,-3.46,-2.79,-5.02,-4.11,-3.02,-2.21,-2.08,-3.25,-1.90
196803,-1.52,-0.01,-0.34,-2.02,-0.08,-0.39,-1.95,-0.14,-1.19,-0.64,2.00,-0.40,-2.42,0.77,-0.15,0.43,-0.19,-1.21,0.23,-0.24,3.09,-1.38,-0.33,-1.79,2.03
196804,21.57,17.49,16.19,16.49,15.77,18.99,12.91,17.78,12.25,12.80,16.16,12.10,8.38,10.24,17.86,12.61,7.32,8.31,12.80,11.89,10.74,7.40,3.31,9.41,10.51
196805,10.75,12.58,10.78,11.89,11.74,11.92,7.72,8.16,7.58,7.24,8.80,4.71,4.84,5.06,6.97,4.44,4.65,3.02,2.77,6.20,2.26,1.26,-0.80,-0.98,4.65
196806,-1.08,0.10,1.64,1.77,0.19,-1.14,1.76,-1.48,1.63,0.28,-2.02,3.38,3.49,1.75,1.39,-0.14,4.01,3.93,2.88,-2.44,-0.08,0.62,4.18,3.18,-1.60
196807,-4.90,-4.58,-3.73,-1.51,0.81,-8.87,-4.00,-2.24,-0.04,-0.29,-5.75,-3.88,-3.58,-0.92,-0.19,-5.47,-3.64,-4.18,-1.36,-2.21,-5.28,-0.97,2.29,0.93,1.14
196808,4.54,5.79,4.86,4.10,4.83,1.57,3.39,3.81,1.28,7.08,3.12,3.32,2.78,2.53,4.96,1.87,1.22,2.01,2.17,3.08,1.10,0.68,1.79,1.65,2.90
196809,7.16,8.48,6.93,5.94,6.32,7.09,6.35,7.17,6.18,6.27,7.14,6.80,3.39,6.03,6.38,6.55,6.07,4.77,6.80,5.90,2.04,5.30,2.31,4.25,8.30
196810,-2.05,-0.03,1.40,0.65,1.66,-0.31,0.73,1.83,2.37,0.95,-0.10,2.55,3.13,2.56,0.82,-0.33,0.50,2.41,0.80,2.61,-1.74,2.14,1.88,3.75,1.15
196811,6.75,7.70,6.50,6.59,6.98,10.08,9.10,8.33,8.93,5.88,8.47,7.16,7.96,9.75,7.73,6.84,7.91,7.20,7.22,8.36,6.27,3.00,5.71,4.54,3.80
196812,4.07,2.34,0.69,-0.25,0.54,-0.10,0.62,-1.45,-3.04,-3.54,-2.66,-4.01,-1.33,0.23,-2.87,-3.97,-4.52,-4.12,-1.45,-0.64,-5.34,-4.40,-3.16,-3.46,-3.03
196901,-0.53,-2.12,-1.93,-1.31,-1.34,-2.69,-1.03,-1.52,1.26,0.64,-3.32,-1.12,-0.52,-1.16,-1.21,-2.10,0.31,-0.16,-0.28,1.27,-2.15,-0.43,0.80,-0.36,1.62
196902,-12.38,-10.73,-9.05,-8.67,-8.72,-11.05,-8.09,-4.92,-7.11,-7.44,-9.17,-8.41,-6.08,-7.06,-5.79,-8.15,-7.55,-4.94,-7.21,-8.73,-3.35,-3.11,-5.09,-4.60,-6.22
196903,3.13,2.47,3.56,4.16,2.39,4.23,1.67,2.14,0.38,5.41,2.10,2.64,0.87,2.55,2.74,4.79,-2.15,2.49,1.69,3.56,4.22,2.90,3.71,1.95,4.91
196904,1.05,-0.49,1.00,2.49,0.11,1.55,1.17,1.06,-0.55,4.68,2.43,0.12,0.33,2.09,0.48,2.75,2.38,0.43,-0.60,1.72,3.72,1.16,0.87,3.02,0.82
196905,1.03,0.81,1.01,0.79,0.45,-1.96,-1.52,-0.96,0.07,0.49,0.13,0.22,1.33,1.49,-1.89,-0.26,-0.97,1.51,1.19,-2.47,-0.49,0.55,0.97,1.45,0.63
196906,-14.64,-12.92,-13.46,-12.59,-12.32,-12.18,-11.04,-9.15,-10.05,-10.94,-10.46,-9.49,-11.20,-9.84,-9.05,-7.10,-8.77,-7.26,-8.51,-8.42,-1.59,-6.82,-7.45,-6.66,-8.45
196907,-13.01,-11.47,-10.84,-10.46,-7.92,-10.76,-9.89,-8.49,-6.45,-8.37,-9.95,-10.52,-6.51,-6.20,-7.47,-6.63,-8.12,-7.00,-5.61,-8.02,-4.04,-5.95,-6.37,-8.16,-5.62
196908,5.18,4.76,4.95,3.29,2.77,7.15,6.62,4.10,3.27,2.67,9.70,8.72,6.98,2.59,5.67,9.92,5.43,4.57,3.48,2.80,7.00,4.71,3.81,4.43,1.93
196909,-3.01,-5.02,-5.07,-2.21,-3.44,1.64,-0.70,-1.84,-0.79,-1.42,0.26,0.14,-1.76,-1.93,-3.70,0.59,-1.45,-2.45,-3.15,-3.44,-0.48,-2.30,-2.43,-5.69,-4.58
196910,13.98,12.63,9.25,7.94,6.33,11.24,8.49,6.70,6.06,6.97,8.89,6.81,7.43,8.71,6.84,8.95,7.28,8.32,6.24,5.36,5.96,5.22,4.51,2.20,3.77
196911,-8.49,-7.12,-6.15,-6.04,-7.39,-3.49,-5.40,-3.30,-5.40,-5.32,-4.59,-4.71,-6.60,-3.61,-5.59,-2.13,-3.86,-3.24,-5.26,-5.98,-1.39,-3.72,-3.76,-4.52,-1.95
196912,-8.18,-7.45,-6.04,-8.22,-8.65,-4.14,-6.03,-7.23,-6.08,-6.03,-2.93,-1.73,-4.17,-4.85,-4.88,0.43,-4.28,-1.91,-1.91,-4.09,0.97,-1.43,-1.49,-1.81,-5.23
197001,-4.86,-3.28,-3.88,-2.47,0.11,-6.92,-6.75,-2.04,-3.61,-1.80,-9.51,-6.46,-8.13,-3.67,-3.55,-7.94,-11.39,-7.75,-6.11,-5.89,-8.50,-6.83,-8.21,-9.67,-4.27
197002,2.26,3.40,4.09,3.18,4.29,2.72,2.84,2.77,8.20,7.06,3.93,2.07,5.92,5.37,7.48,4.30,4.89,6.65,8.71,6.92,3.57,5.13,9.09,6.90,8.17
197003,-6.51,-5.24,-2.52,0.31,-1.29,-5.88,-2.48,-0.30,0.03,0.69,-3.86,-0.64,-1.21,1.87,0.78,-4.17,0.18,1.46,0.81,2.23,-2.42,-0.22,2.85,0.64,1.63
197004,-24.15,-18.74,-14.96,-12.98,-12.02,-22.17,-16.91,-14.98,-10.64,-11.16,-20.32,-14.29,-13.24,-9.13,-10.76,-15.71,-14.91,-9.80,-9.71,-9.36,-10.53,-8.24,-8.97,-6.99,-7.98
197005,-10.19,-10.17,-9.16,-8.12,-10.45,-13.00,-8.24,-10.74,-8.38,-8.16,-11.15,-10.74,-13.12,-6.58,-7.60,-11.01,-9.68,-7.49,-7.43,-8.27,-8.02,-6.08,-5.06,-0.05,-4.02
197006,-12.11,-8.66,-7.30,-8.28,-6.03,-10.47,-6.74,-8.19,-7.11,-6.06,-8.30,-4.63,-6.88,-4.76,-7.20,-2.51,-5.16,-3.76,-3.30,-10.66,-6.29,-4.01,-3.66,-2.06,-8.17
197007,4.82,5.60,5.11,6.46,3.83,6.83,7.26,5.92,10.70,7.80,7.53,6.81,9.94,5.50,7.19,5.92,9.69,7.95,9.07,11.25,4.39,8.21,9.02,10.65,6.14
197008,5.60,6.45,7.14,6.77,6.33,9.66,9.16,5.77,7.77,4.54,5.82,7.92,6.09,5.72,7.80,4.54,8.27,3.80,5.35,6.74,3.99,5.17,4.41,4.88,6.20
197009,22.15,16.54,15.64,11.59,11.60,18.10,18.63,9.50,7.30,9.60,15.17,9.84,9.14,5.14,6.08,9.55,5.97,4.92,3.88,8.04,7.18,0.32,-0.22,0.26,4.39
197010,-11.13,-7.45,-11.29,-6.52,-4.99,-4.48,-7.96,-6.00,-3.85,-4.41,-5.86,-4.26,-6.42,-2.64,-4.63,-2.68,-3.27,-3.44,-3.44,-6.19,-0.08,-0.96,-3.58,0.13,-3.77
197011,-4.72,-2.12,-2.09,0.38,0.21,0.78,1.24,3.16,5.73,3.85,2.93,3.07,4.75,4.87,1.96,4.73,3.14,6.28,8.40,4.81,5.16,6.77,5.03,5.94,5.68
197012,6.98,7.32,10.44,11.58,10.74,8.75,8.25,8.14,9.37,9.68,6.27,9.61,11.28,7.72,9.06,6.25,10.52,8.32,10.04,7.61,4.68,5.78,7.69,5.00,6.91
197101,15.27,13.78,16.31,14.12,15.93,7.54,13.19,12.62,10.90,13.08,8.25,8.85,11.18,7.81,8.68,5.24,7.00,5.29,8.65,14.00,4.10,4.31,3.30,3.00,4.03
197102,8.00,7.47,6.10,3.32,4.06,4.03,3.58,2.79,1.34,0.89,4.07,1.94,2.29,1.32,1.84,3.43,3.09,0.30,3.24,1.21,2.34,0.35,0.63,0.50,1.25
197103,8.34,4.63,7.86,6.49,5.13,7.95,6.67,5.89,4.37,1.39,10.41,9.30,3.45,3.32,4.68,6.93,6.02,4.63,2.35,3.51,5.86,2.90,4.83,1.48,2.50
197104,0.78,3.26,2.24,2.74,1.86,2.21,2.60,2.09,3.60,7.03,6.19,4.73,4.80,2.20,8.05,2.89,3.29,1.96,4.14,9.17,3.63,5.66,0.71,2.56,6.15
197105,-6.60,-5.10,-7.34,-4.96,-6.57,-3.50,-5.54,-4.73,-4.63,-4.47,-4.57,-2.56,-4.92,-3.74,-3.10,-2.14,-3.32,-4.19,-3.15,-4.37,-2.43,-4.35,-4.10,-5.05,-3.65
197106,-0.42,-3.59,-2.29,-1.24,-2.16,3.97,-2.37,0.43,-2.02,-3.36,-1.69,1.74,-1.50,-1.85,-2.49,1.25,1.27,2.25,0.58,-3.94,1.24,-0.85,-0.36,0.88,-0.28
197107,-8.62,-8.06,-7.25,-6.04,-5.91,-6.41,-4.72,-3.46,-6.45,-5.74,-8.02,-4.53,-3.28,-5.81,-4.69,-3.61,-4.21,-3.81,-4.23,-7.61,-3.98,-3.90,-3.47,-3.30,-5.49
197108,3.29,4.38,2.81,4.56,5.65,4.08,7.07,3.30,6.04,7.79,6.55,4.93,1.92,7.50,9.00,6.89,4.33,2.15,3.48,10.56,5.40,4.66,-1.43,1.97,13.59
197109,1.21,2.09,-0.12,-0.63,-2.38,2.10,-1.18,-2.10,-1.66,-2.83,1.13,0.31,-0.68,-1.33,-2.98,1.89,-1.03,-0.45,-0.23,-4.44,0.34,-1.11,-1.28,-1.45,-2.15
197110,-7.86,-6.78,-7.09,-4.45,-7.27,-5.96,-5.32,-3.06,-4.35,-6.66,-7.99,-6.32,-3.18,-4.69,-5.25,-3.11,-3.40,-2.27,-5.54,-5.87,-3.49,-5.23,-3.63,-2.71,-4.02
197111,-3.27,-5.79,-3.76,-4.39,-5.60,-1.89,-2.20,-1.45,-2.63,-2.74,-1.92,-1.15,-0.58,-4.19,-4.72,0.29,-1.77,-2.72,0.60,-4.39,1.10,1.05,-0.13,-0.55,0.28
197112,14.49,14.24,10.74,11.78,13.39,13.07,14.08,12.78,11.02,12.65,14.12,9.50,10.17,11.93,12.38,12.27,9.86,8.89,8.22,12.46,8.45,9.31,8.88,6.93,8.94
197201,13.22,13.38,11.86,10.84,14.80,9.40,6.43,5.60,6.67,11.03,6.06,4.03,2.90,5.87,8.48,3.02,1.95,1.30,3.04,8.26,2.75,0.54,-0.73,0.82,6.38
197202,3.03,5.48,4.16,4.22,3.55,5.09,4.40,4.35,1.80,4.12,6.88,4.10,2.05,-0.52,1.96,5.62,1.82,0.13,2.05,0.39,4.60,2.25,1.26,0.37,0.06
197203,2.96,0.10,-1.93,-1.57,-0.41,1.89,1.79,-0.98,-0.18,-1.60,2.44,1.22,2.13,0.33,-1.75,0.82,-0.22,2.73,1.94,0.84,2.59,1.00,-3.82,-1.90,2.86
197204,-1.23,0.19,-1.07,1.30,1.07,-0.30,0.84,1.99,1.80,1.69,1.60,-0.65,-0.07,0.51,0.18,-0.78,-0.77,-0.24,1.16,3.56,0.90,1.58,-0.27,0.16,-1.09
197205,-1.57,-1.90,-4.14,-2.26,-2.27,-0.50,-1.64,-1.78,-3.46,-1.45,1.21,-1.78,0.99,-1.16,-3.45,3.57,-1.52,-1.29,-0.06,0.50,3.38,-0.54,3.18,1.00,-2.67
197206,-4.21,-4.67,-3.32,-3.15,-3.77,-4.42,-2.08,-1.34,-1.48,0.78,-0.11,-1.91,-4.05,-4.43,-5.84,-4.09,-1.82,-2.18,-4.54,-7.78,-0.65,-3.23,-2.76,-2.34,-6.67
197207,-7.19,-4.89,-4.24,-3.34,-2.80,-5.27,-4.84,-3.25,-1.74,-3.91,-3.25,-1.46,-3.25,-0.54,-1.02,-3.53,-4.18,-1.84,-0.12,-2.09,1.62,-1.23,0.15,-1.27,-1.65
197208,-1.62,-2.64,0.61,-0.03,2.25,-0.52,-1.67,2.27,1.49,4.99,0.30,1.97,3.09,5.25,4.12,-0.03,2.76,5.07,5.22,7.07,0.68,6.83,7.14,9.00,6.15
197209,-4.85,-4.84,-4.81,-3.74,-4.21,-3.52,-3.55,-2.07,-2.39,-3.31,-1.68,-2.56,-1.12,-1.87,-2.62,-1.81,-3.36,-0.55,-2.36,-4.00,0.19,-1.67,-1.74,1.96,-3.75
197210,-3.45,-3.28,-2.89,-2.12,-1.94,-4.04,-0.32,1.35,0.69,-0.65,-2.72,-0.85,1.40,0.72,0.32,-1.63,-0.45,1.52,2.30,-0.96,0.98,1.11,2.15,2.37,1.06
197211,-0.29,3.94,4.78,6.00,6.01,4.46,4.92,7.12,4.38,7.71,3.02,4.22,6.54,7.48,7.43,6.61,7.98,6.74,6.92,11.05,1.58,6.61,6.87,8.02,13.80
197212,-1.77,-2.47,-3.35,-2.61,-1.50,-0.64,-2.71,0.44,-3.47,-2.33,1.00,-0.43,-0.64,-1.03,-2.62,0.56,-1.22,-0.78,-1.77,-4.41,3.71,-0.17,-0.74,0.04,-2.64
197301,-7.96,-4.99,-2.80,-3.55,-1.40,-10.64,-5.53,-6.93,-2.78,-5.88,-7.49,-7.61,-5.94,-3.69,-4.94,-6.42,-7.44,-5.70,-3.44,-4.25,-1.58,-3.92,-1.00,0.61,-4.36
197302,-14.07,-8.66,-8.51,-8.13,-6.02,-14.02,-7.93,-7.63,-5.75,-5.57,-10.96,-8.09,-7.98,-2.94,-7.26,-8.39,-7.58,-4.52,-3.68,-2.07,-2.12,-3.14,-4.86,-5.88,-3.38
197303,-7.04,-4.03,-2.66,-0.99,-1.81,-4.94,-2.57,-2.50,-2.04,-0.15,-4.90,-4.43,-1.93,-1.83,-0.21,-3.92,-3.98,-1.96,-2.13,0.82,-0.84,-1.04,1.83,1.88,1.57
197304,-11.85,-9.84,-6.70,-6.08,-5.41,-14.29,-9.31,-5.84,-4.11,-4.88,-11.23,-6.38,-3.91,-3.54,-4.30,-10.92,-8.18,-2.81,-2.93,-4.64,-5.93,-3.41,-2.13,-0.69,-2.77
197305,-11.46,-10.80,-9.30,-7.73,-8.27,-11.18,-9.37,-7.58,-6.38,-9.09,-9.14,-8.19,-4.85,-2.77,-7.32,-7.07,-7.68,-2.24,-2.47,-4.55,0.19,-1.20,-0.90,-3.27,-5.61
197306,-5.13,-3.97,-4.38,-3.07,-2.34,-6.96,-4.05,-2.87,-2.06,-1.60,-6.52,-2.87,-1.81,-0.93,-2.93,-4.61,-4.00,-2.94,-0.99,-3.73,-0.39,-0.30,0.71,-0.69,-2.03
197307,18.94,16.07,12.00,13.57,10.38,22.12,13.28,10.86,6.97,9.90,18.95,9.64,7.00,2.14,7.71,15.31,9.38,6.96,3.10,9.12,5.40,5.46,-0.18,2.00,4.22
197308,-5.38,-6.99,-5.77,-5.94,-4.50,-3.17,-6.87,-4.76,-5.12,-4.00,-3.19,-4.10,-4.03,-2.47,-0.77,-2.69,-0.91,-2.10,-3.15,0.13,-3.59,-2.43,-3.70,-2.38,0.78
197309,11.67,10.87,6.82,7.76,6.94,11.18,11.31,11.61,7.07,10.26,11.25,10.10,10.24,8.87,10.49,10.06,11.70,11.59,9.59,10.89,-0.13,7.77,8.72,8.58,8.27
197310,-2.93,0.38,0.84,0.43,1.31,-3.19,-3.65,1.64,1.03,1.45,-3.53,2.51,0.28,-0.53,1.36,-2.98,-1.44,1.28,-0.77,2.51,0.40,-0.70,0.29,-3.01,2.55
197311,-24.87,-21.68,-18.94,-16.71,-18.05,-23.39,-20.23,-19.01,-15.77,-15.94,-22.90,-18.10,-16.12,-12.20,-16.08,-19.78,-17.25,-14.37,-12.01,-15.11,-10.72,-12.72,-10.80,-6.33,-8.25
197312,-4.02,-4.82,-3.97,-2.85,-4.14,-0.36,-4.96,-0.85,-1.29,-0.89,-1.64,0.99,0.66,0.60,2.36,-0.62,2.91,6.72,2.63,7.17,-2.10,0.88,7.24,5.03,11.13
197401,10.24,14.29,14.87,12.76,18.90,4.46,11.49,9.73,10.85,13.46,5.70,4.24,8.54,7.67,11.56,-1.66,2.04,2.92,7.57,5.69,-1.98,0.64,-2.89,0.74,-0.08
197402,-0.33,-1.33,-0.23,-0.11,1.09,0.40,1.21,1.22,1.87,4.13,-2.71,0.09,1.60,0.48,2.34,-2.42,0.70,2.41,1.72,3.70,-1.32,1.81,-0.95,2.82,3.81
197403,0.22,-0.92,0.50,1.56,1.90,-1.61,2.23,-1.52,-0.95,0.65,-1.62,-1.20,-3.23,-1.56,-1.00,-2.57,-3.33,-4.73,-2.75,-2.52,-1.53,-3.54,-2.33,-3.48,-4.76
197404,-4.71,-5.94,-5.12,-5.42,-4.19,-8.28,-6.37,-5.77,-4.03,-3.38,-6.24,-7.10,-4.58,-5.92,-2.36,-7.17,-7.09,-5.97,-6.59,-1.61,-3.04,-4.24,-5.02,-6.07,-5.42
197405,-8.35,-7.55,-8.11,-6.79,-6.19,-6.50,-7.56,-7.63,-7.17,-7.57,-7.03,-9.58,-6.65,-7.04,-8.30,-6.49,-8.66,-5.37,-5.79,-7.65,-0.34,-3.54,-5.60,-3.33,-7.80
197406,-3.42,-3.23,-2.23,-2.18,-1.53,-3.77,-3.28,-2.83,-0.51,-0.48,-4.39,-2.63,-3.50,-4.40,-0.46,-2.99,-3.35,-2.80,-5.28,-3.31,-1.50,-2.73,-1.80,-2.12,1.57
197407,-8.70,-5.62,-5.13,-4.71,-3.83,-7.26,-3.86,-4.30,-3.54,-3.00,-6.72,-2.60,-2.13,-3.13,0.97,-8.56,-5.93,-2.32,-0.73,-0.80,-11.00,-3.95,-3.86,-4.10,-5.10
197408,-9.49,-8.17,-7.63,-7.49,-6.91,-9.69,-11.04,-6.34,-7.84,-5.37,-11.00,-10.32,-6.68,-6.90,-6.87,-11.56,-8.79,-8.33,-6.60,-6.16,-9.93,-7.59,-4.52,-7.75,-8.64
197409,-13.57,-8.34,-6.77,-6.93,-8.42,-12.09,-7.04,-8.03,-7.73,-7.03,-13.04,-8.92,-6.87,-4.64,-6.45,-11.72,-7.13,-4.99,-6.35,-8.12,-14.73,-9.81,-4.76,-5.13,-6.63
197410,15.50,7.13,6.99,7.79,9.67,16.03,10.74,7.50,7.50,6.62,18.64,10.79,7.06,8.56,10.19,21.28,13.07,11.53,9.68,10.35,22.35,14.28,12.79,10.58,1.31
197411,-6.33,-5.55,-5.02,-5.20,-6.67,-5.26,-4.57,-3.94,-5.30,-6.84,-4.42,-4.09,-2.98,-4.15,-1.94,-2.31,-0.45,-1.39,-3.78,-6.60,-4.62,-3.37,-3.96,-2.32,-4.11
197412,-7.40,-8.14,-7.27,-7.50,-9.16,-6.22,-6.17,-5.79,-6.72,-5.76,-5.60,-4.40,-4.17,-5.10,-7.23,-4.35,-2.48,-4.08,-2.01,-9.65,-3.80,0.37,1.52,-1.04,1.88
197501,26.43,29.54,28.13,27.78,33.27,21.92,26.12,26.34,27.34,30.04,19.05,25.03,21.94,23.40,29.20,15.27,20.45,24.01,24.32,27.90,9.29,13.60,13.96,19.76,15.66
197502,7.53,5.42,3.15,3.47,4.92,9.09,6.62,1.55,3.62,2.09,7.32,3.17,2.83,4.70,4.66,6.64,2.37,1.91,3.15,2.53,9.62,2.93,3.48,2.11,-3.24
197503,9.13,10.72,9.09,7.92,9.76,6.38,6.82,7.13,5.89,8.38,5.88,7.04,3.81,7.30,5.32,5.89,6.49,5.35,5.40,4.21,2.68,2.10,-1.88,6.20,6.15
197504,7.07,6.32,4.23,2.82,3.06,6.45,3.96,2.80,1.31,4.27,5.45,5.32,4.95,3.86,3.28,6.96,3.16,2.51,5.87,4.51,5.57,5.23,0.20,5.30,5.02
197505,11.98,11.06,8.49,7.75,6.65,11.82,7.77,7.03,7.89,7.80,5.38,8.18,4.32,8.24,1.24,7.71,5.92,5.46,4.25,5.25,5.01,8.06,5.24,-0.27,0.96
197506,5.95,7.75,7.49,8.85,7.96,9.76,7.10,6.90,8.43,2.82,5.72,5.16,7.20,6.03,4.74,5.11,7.90,7.10,10.69,8.16,3.58,6.87,5.07,6.75,7.43
197507,-1.51,0.24,-1.79,-0.21,-0.64,-3.25,-3.35,-2.41,-3.66,-4.09,-5.24,-3.41,-3.59,-4.12,-5.97,-7.36,-6.40,-4.42,-4.35,-6.84,-8.15,-4.17,-4.50,-5.68,-1.55
197508,-7.03,-6.42,-4.93,-5.34,-7.66,-4.42,-4.06,-5.23,-4.16,-8.34,-4.01,-3.34,-3.46,-4.23,-5.64,-4.48,-3.51,-2.74,-2.43,-0.69,-2.02,-1.80,-1.78,2.30,-4.46
197509,-5.33,-2.40,-3.29,-3.03,-3.90,-3.34,-4.01,-3.55,-3.34,-4.94,-5.30,-2.84,-3.90,-4.20,-4.03,-4.36,-3.16,-3.68,-3.36,-4.45,-4.53,-1.32,-2.37,-4.38,-5.35
197510,1.49,1.41,2.74,2.74,0.96,2.13,4.13,1.47,3.74,4.89,2.03,3.87,3.60,4.79,0.37,5.58,5.89,7.02,5.14,6.93,7.18,5.65,4.45,6.75,3.90
197511,0.09,2.03,1.98,2.48,3.65,0.00,3.30,2.05,4.24,3.89,2.01,2.89,4.69,4.26,1.10,3.04,3.84,3.67,7.70,6.04,3.34,2.22,3.05,2.91,4.68
197512,-0.92,-1.33,-1.08,-1.02,-1.38,-2.66,-1.37,0.70,-0.72,-2.08,-0.96,-0.76,0.69,-0.22,3.06,-2.32,0.79,-0.02,-0.33,-0.78,-2.67,0.88,0.27,0.67,5.25
197601,15.86,16.93,21.37,22.41,26.88,12.87,16.72,16.67,21.37,26.77,16.21,15.07,16.94,18.72,22.28,12.75,13.43,16.47,18.59,22.60,11.03,9.49,14.04,17.17,15.16
197602,9.83,7.45,10.36,12.38,15.94,7.60,6.29,7.36,8.47,11.55,3.99,3.76,5.48,7.77,13.26,0.64,3.24,4.33,5.29,3.94,-2.31,1.40,-0.86,-0.87,9.44
197603,3.55,2.27,2.08,0.75,1.63,1.25,0.62,0.28,1.27,2.32,0.89,0.87,1.90,2.15,1.94,1.08,2.26,1.13,1.49,6.80,2.96,3.60,3.38,2.72,-1.01
197604,-1.45,-0.79,-2.70,-1.19,-1.66,-0.97,-1.72,-0.79,-0.93,-1.58,-1.53,0.03,-0.57,-0.86,-0.49,-1.52,-1.31,-0.69,-2.09,-3.73,-2.26,0.30,1.79,0.71,1.14
197605,-1.82,-1.69,-1.52,-3.53,-4.84,-0.99,-1.97,-0.77,-2.58,-4.39,-1.79,-1.35,-1.63,-1.44,-3.10,-2.24,-1.22,-1.01,-3.40,1.23,-1.06,0.55,-0.82,-2.33,1.38
197606,4.18,2.26,2.13,3.11,2.03,2.37,3.15,3.61,3.35,6.20,4.56,5.28,6.59,4.81,8.13,4.18,4.92,7.20,7.90,3.91,4.46,3.98,5.60,5.93,2.94
197607,-1.14,-1.83,0.77,-0.30,1.12,-0.98,-0.16,2.63,0.22,1.44,-1.63,-0.50,0.43,0.77,0.15,-1.61,0.61,0.46,1.55,1.39,-1.62,0.19,0.18,-0.59,2.70
197608,-4.33,-1.54,-1.18,-1.43,-1.56,-4.32,-1.94,-2.70,-1.18,-1.30,-2.72,-1.25,-1.07,-0.25,-4.04,-2.81,0.45,1.56,-1.22,0.43,-0.17,0.42,1.95,-0.78,0.77
197609,2.22,2.01,1.03,2.18,1.94,4.16,4.18,2.63,3.34,1.92,3.55,2.65,2.68,2.81,0.89,2.32,2.17,2.88,2.88,1.31,1.57,4.40,3.26,3.90,-1.10
197610,-2.78,-1.48,-1.58,-1.53,-2.35,-2.84,-3.09,-2.31,-1.30,-1.28,-3.27,-0.12,-1.46,-1.07,-3.67,-2.26,-1.54,-1.16,-1.67,-2.95,-2.51,-2.50,-0.65,-3.28,-4.13
197611,5.73,3.24,1.92,2.56,2.81,3.15,3.46,2.90,4.20,5.09,3.75,3.36,3.40,4.35,7.10,4.20,3.33,3.28,1.88,1.68,-1.66,0.14,2.08,1.99,3.98
197612,10.84,9.45,9.55,10.94,10.05,9.18,9.30,9.43,9.41,11.43,5.82,9.47,8.71,8.27,8.28,6.13,6.95,7.50,9.48,9.51,3.95,7.29,5.61,7.65,8.17
197701,2.87,4.35,2.67,4.55,5.76,-0.28,2.11,0.50,1.99,3.37,-2.32,-0.09,1.13,1.07,0.62,-4.35,-2.62,-2.54,0.15,1.60,-7.76,-3.34,-0.96,-1.85,0.40
197702,-0.47,-0.34,-0.47,-0.43,0.42,-1.66,-1.03,-0.41,0.16,-1.65,-3.99,-1.08,-2.43,0.34,-3.56,-3.00,-2.00,-2.04,-1.91,-2.21,-1.25,-3.29,-0.80,-1.91,-1.54
197703,0.07,0.24,1.49,1.43,1.32,0.38,-0.61,1.66,-0.22,-0.77,-0.07,1.38,-0.25,0.25,0.30,-1.86,0.29,0.82,0.57,4.93,-1.60,-1.82,-1.22,-0.76,-0.26
197704,1.23,0.23,1.82,2.65,2.54,1.18,1.46,1.35,2.25,2.97,0.48,0.79,1.99,2.62,2.28,-0.44,2.04,2.60,3.08,2.72,-2.21,2.16,1.39,4.12,5.71
197705,-1.77,-0.26,0.46,0.18,1.32,0.89,-1.09,-0.38,0.90,-1.50,-0.86,0.17,0.68,0.70,0.29,-0.49,-0.82,0.02,-1.27,-1.30,-2.40,-0.83,0.68,-2.19,-2.04
197706,5.79,6.48,7.04,5.64,7.27,8.63,6.02,6.44,5.44,9.55,8.84,6.32,6.17,4.61,6.28,6.24,5.12,4.84,4.81,6.18,6.00,3.96,3.05,4.80,2.34
197707,1.22,0.83,1.13,0.60,1.19,-1.29,-0.08,-0.67,0.83,0.32,0.07,-0.01,-1.13,-1.33,-0.70,-1.04,-3.15,-0.73,-1.10,-4.38,-1.19,-2.71,-0.77,-0.18,-5.16
197708,1.15,-0.30,-0.51,-1.37,-1.66,0.62,-0.81,-1.51,-0.84,-1.54,1.71,-1.23,-0.78,-0.54,-1.38,-1.43,-1.02,-2.04,-2.03,-3.76,1.17,-3.53,-2.92,-4.81,-4.23
197709,2.26,2.29,0.82,1.93,1.35,1.30,0.99,1.74,0.17,-1.42,1.97,1.48,1.17,0.29,0.07,1.01,0.10,0.61,0.75,-1.05,-0.86,-0.81,2.26,0.39,-0.12
197710,-4.54,-2.61,-2.24,-1.33,-2.12,-5.25,-2.57,-3.97,0.20,-1.61,-3.61,-2.11,-2.42,-2.47,-2.63,-3.98,-3.03,-2.79,-4.15,-4.88,-4.40,-4.13,-5.04,-2.50,-3.62
197711,9.35,8.60,8.37,6.75,9.00,8.38,9.50,8.84,7.12,8.15,6.74,7.60,5.98,6.15,8.71,7.28,6.10,5.55,7.01,7.17,3.52,3.31,3.00,2.95,5.01
197712,4.58,3.52,2.62,2.77,1.73,3.06,1.94,0.49,0.55,1.59,1.57,0.68,1.77,1.03,1.25,0.44,0.94,0.55,-0.23,-0.60,0.09,1.11,1.19,0.37,1.31
197801,-1.19,-3.29,-1.48,-1.10,0.20,-5.36,-5.72,-2.52,-1.82,-2.46,-6.92,-5.25,-3.33,-3.50,-0.56,-6.05,-6.30,-5.54,-4.19,-1.70,-6.20,-7.22,-5.41,-4.96,-3.13
197802,3.07,3.16,3.95,3.24,3.56,1.70,1.58,0.99,2.30,0.58,0.59,1.68,0.57,0.66,1.24,-1.24,-0.60,-0.68,0.94,-2.26,-3.08,-1.53,2.43,-1.00,-3.59
197803,8.09,7.37,8.10,6.82,8.21,6.09,5.92,7.55,6.39,7.49,5.57,5.72,4.79,4.71,8.24,4.97,4.82,4.68,4.77,4.85,1.14,3.95,3.02,2.86,3.72
197804,10.31,8.71,8.39,7.33,8.41,10.08,7.47,8.37,7.30,6.45,9.95,8.48,7.72,5.05,6.57,8.63,7.30,5.29,5.80,8.56,11.82,8.58,4.65,5.10,5.42
197805,8.51,6.37,8.75,6.38,8.04,7.11,7.52,4.81,4.15,5.40,6.26,5.30,5.33,2.18,4.17,4.72,3.77,1.52,2.29,3.75,1.39,1.36,-0.08,1.11,1.97
197806,0.89,0.96,-0.06,0.09,0.31,-1.22,-2.73,0.57,3.40,-0.18,-0.64,-0.96,0.43,0.90,1.20,-1.06,-0.63,-0.05,0.55,-0.64,-1.21,-3.03,-2.00,-1.78,-0.61
197807,6.80,5.96,5.99,4.90,4.76,7.98,5.91,5.06,6.13,6.98,6.72,4.86,4.38,4.40,3.88,6.16,5.86,6.36,6.03,9.96,7.51,4.90,3.59,4.35,4.76
197808,9.81,9.53,8.44,7.97,10.21,9.03,7.62,9.36,7.23,9.51,8.06,8.44,6.57,4.90,9.76,7.66,6.28,4.33,3.92,2.83,2.57,3.25,4.47,2.89,0.23
197809,-1.07,0.31,-1.84,-0.16,0.21,-1.82,-1.54,-1.53,0.46,-1.82,-3.20,-0.64,-1.46,-0.30,-0.90,-3.26,-2.30,0.54,0.09,-1.17,-3.27,0.24,1.97,0.34,0.89
197810,-26.71,-23.29,-21.85,-18.66,-21.40,-24.76,-18.93,-18.41,-14.98,-19.17,-19.28,-18.90,-13.76,-14.32,-19.90,-15.72,-13.39,-13.52,-11.83,-14.80,-8.31,-9.39,-7.16,-9.30,-12.12
197811,8.74,7.39,6.73,4.43,4.27,11.27,5.47,4.28,3.02,6.08,7.18,5.26,3.94,2.98,3.37,4.67,2.60,3.74,1.35,2.75,2.53,2.73,3.76,3.65,2.55
197812,3.49,3.27,2.35,1.05,0.72,2.99,3.37,1.80,2.51,1.84,3.06,1.64,0.41,1.44,3.26,1.00,1.68,1.46,0.63,0.24,3.57,0.90,0.56,0.13,-0.75
197901,10.02,9.94,8.39,10.62,11.81,8.60,8.31,8.15,7.17,10.35,6.91,7.15,7.56,7.06,9.82,5.90,5.28,6.28,8.34,6.21,2.22,4.96,4.24,5.36,7.64
197902,-2.94,-3.46,-2.57,-2.86,-1.40,-2.98,-3.09,-2.97,-3.07,-2.37,-4.84,-1.88,-2.19,-1.50,-0.82,-4.21,-3.66,-3.14,-3.30,-4.45,-4.02,-2.46,-2.14,-1.90,-2.82
197903,12.09,9.56,7.89,7.25,8.48,12.45,8.98,8.55,7.17,8.39,10.79,9.32,6.91,8.83,13.08,7.65,7.75,7.09,7.93,9.71,4.94,6.07,4.99,6.17,6.52
197904,3.16,2.73,2.19,3.09,3.41,1.61,2.98,2.27,3.05,2.01,1.35,1.26,2.27,1.93,3.98,1.91,0.93,1.63,0.23,1.87,-0.06,0.70,-0.21,1.49,-0.99
197905,-2.72,-0.83,-1.77,4.29,-1.14,-2.33,-1.72,-0.42,-0.22,-0.76,-3.54,-2.71,-0.35,0.48,-2.28,-0.24,-1.56,-1.57,-1.07,-0.88,-2.13,-0.86,-1.30,-1.80,-1.33
197906,6.04,5.57,5.27,4.65,5.39,7.47,5.70,4.22,5.65,8.73,3.67,4.88,6.15,6.35,6.54,5.32,7.14,6.50,7.83,6.00,2.22,4.71,5.07,6.58,2.72
197907,2.27,2.94,2.41,3.12,2.21,2.09,2.25,3.47,4.82,3.71,3.22,3.87,4.29,2.78,5.09,1.52,3.56,2.95,2.23,3.14,-0.36,1.54,1.57,1.19,3.67
197908,8.85,8.98,6.39,7.12,8.03,8.60,8.64,7.33,6.47,7.22,9.22,8.02,5.87,5.42,6.54,8.66,5.97,6.79,5.17,7.87,6.31,7.02,4.35,5.38,5.30
197909,-0.08,-0.26,-1.63,-0.61,-0.95,0.74,0.67,-2.25,-1.68,-1.89,1.34,-0.11,-1.30,-3.07,-1.60,-0.19,-0.17,-0.12,-1.69,-1.71,-1.87,0.93,1.67,0.84,0.49
197910,-11.03,-9.88,-11.21,-9.51,-11.49,-9.26,-10.01,-11.67,-12.04,-11.40,-8.11,-8.41,-10.40,-7.38,-12.35,-7.41,-7.85,-8.27,-10.48,-10.62,-6.32,-5.52,-5.59,-7.11,-7.17
197911,11.09,8.49,6.33,5.10,6.41,11.16,7.77,6.46,7.81,7.48,11.82,7.22,6.73,7.03,5.39,10.08,7.18,7.57,5.90,5.93,5.28,7.04,4.35,7.17,1.00
197912,11.50,8.30,5.83,6.65,5.23,8.58,6.24,5.90,3.60,5.13,5.48,3.35,2.83,1.99,7.88,4.72,4.16,2.25,2.00,4.28,1.87,3.49,-0.05,0.84,2.27
198001,12.89,10.36,8.83,8.65,10.85,6.80,7.83,6.23,4.69,9.16,5.36,6.58,7.08,6.12,8.91,7.81,6.09,6.62,0.75,7.99,3.32,7.29,5.82,7.82,10.23
198002,0.57,-0.26,-2.13,-2.22,-2.06,-1.34,-0.46,-2.96,-4.43,-1.04,-1.03,-3.54,-4.43,-4.28,-2.73,-2.38,-1.58,-3.03,-4.87,-1.52,-4.45,0.86,4.14,1.61,2.49
198003,-22.14,-19.28,-17.45,-15.50,-17.58,-19.23,-16.40,-16.77,-14.73,-17.51,-15.80,-15.08,-16.30,-13.06,-18.76,-12.09,-14.27,-13.10,-11.19,-16.78,-6.18,-11.18,-9.76,-11.29,-12.89
198004,6.32,6.48,6.67,5.11,6.11,6.15,4.88,6.07,8.10,3.61,6.72,7.13,7.25,9.43,5.92,4.84,6.59,7.34,8.69,6.70,2.92,3.57,5.45,7.88,2.86
198005,7.10,6.42,6.75,6.48,7.76,9.15,10.37,7.12,8.06,10.17,7.12,6.80,8.69,7.98,9.00,7.50,7.88,9.57,7.33,9.03,4.86,5.26,5.22,4.15,6.14
198006,4.95,3.43,4.05,4.28,5.36,4.33,6.72,4.10,5.53,2.05,5.33,5.73,4.02,4.73,2.38,5.84,3.74,4.69,3.09,4.79,2.35,4.01,2.03,4.71,0.25
198007,12.19,12.63,10.40,8.46,9.03,14.40,11.46,9.87,7.61,7.48,13.23,8.26,9.57,5.65,6.62,11.15,9.52,8.14,2.79,4.72,11.19,5.81,3.11,3.53,4.98
198008,11.44,8.95,7.30,7.00,5.15,8.29,7.34,4.06,3.02,3.70,6.73,6.38,2.31,1.86,0.85,4.65,2.40,2.56,0.05,0.59,2.05,1.03,1.33,2.02,-0.14
198009,6.58,2.86,2.57,1.47,2.95,4.58,3.77,3.71,0.91,0.93,5.76,2.45,2.93,1.54,-1.40,5.74,4.28,1.28,0.51,0.24,3.10,6.03,3.48,-1.48,0.04
198010,7.61,5.59,4.27,3.63,2.20,6.75,2.14,0.93,3.39,1.01,2.68,2.28,3.03,1.52,2.31,2.31,2.82,-0.86,-1.43,-0.16,0.56,4.07,4.98,-1.84,0.65
198011,16.18,6.28,5.96,0.73,1.72,13.61,7.49,4.42,6.41,2.88,11.75,7.06,3.75,2.36,1.69,13.07,14.34,4.53,3.01,0.93,10.59,14.47,19.08,5.19,3.70
198012,-6.32,-5.60,-3.66,-2.68,-3.50,-5.19,-2.36,-1.97,-1.46,-0.72,-3.87,-3.09,-0.72,-0.82,-0.57,-3.64,-4.59,-0.68,0.56,-0.42,0.10,-5.58,-5.91,-1.49,-0.15
198101,-4.52,-0.38,1.85,1.92,3.22,-4.92,-0.22,0.00,1.80,3.27,-4.35,-1.50,-1.13,1.92,2.92,-6.69,-3.39,-0.65,0.68,1.51,-6.07,-7.58,-6.56,0.04,2.35
198102,-3.34,0.06,1.13,2.14,2.47,-0.44,1.53,2.97,3.51,4.03,2.28,2.33,3.86,-0.02,1.48,1.37,2.92,4.29,1.37,3.66,3.28,2.08,-0.66,2.97,-0.55
198103,7.31,9.50,8.62,9.17,7.31,7.99,8.27,7.96,7.84,7.64,7.66,7.57,7.56,8.92,7.31,8.79,6.31,9.09,7.17,7.62,2.97,3.15,-0.26,3.90,7.94
198104,3.08,4.75,3.64,4.78,5.53,1.62,3.55,3.69,3.76,3.97,2.10,3.40,1.46,1.04,3.95,0.11,-0.76,0.40,0.26,1.69,-2.72,-4.30,-2.98,2.38,-2.84
198105,5.00,5.03,4.33,2.67,2.71,6.25,2.25,2.69,0.29,2.46,2.16,3.59,2.90,1.48,5.27,3.62,1.64,2.26,1.09,3.33,1.63,-2.11,-2.05,3.57,0.82
198106,-7.13,-0.46,1.38,2.75,1.12,-7.04,-0.54,-0.69,-0.12,1.74,-5.07,-0.07,-0.47,2.06,-1.89,-5.32,-1.64,0.62,2.65,-0.49,-4.42,1.06,3.46,-0.62,0.80
198107,-4.52,-3.44,-2.86,-2.16,-2.31,-2.59,-3.46,-0.58,-1.53,-1.98,-1.30,-2.03,-2.97,-2.97,-0.31,1.68,-0.85,-2.51,-2.54,-3.30,1.73,2.81,-2.06,-2.17,0.60
198108,-12.76,-8.59,-7.29,-5.70,-4.97,-10.39,-8.06,-4.87,-5.21,-5.62,-8.52,-6.10,-5.51,-5.61,-3.46,-6.91,-6.22,-3.81,-5.30,-3.23,-6.14,-6.70,-5.76,-5.13,-0.39
198109,-13.52,-8.38,-7.46,-6.49,-6.31,-10.21,-6.89,-6.41,-3.13,-5.56,-9.17,-5.93,-5.99,-1.69,-3.76,-9.01,-8.24,-6.35,-3.83,-4.36,-6.38,-5.95,-6.27,-2.20,0.48
198110,10.44,8.13,8.29,7.01,4.96,11.19,6.63,6.89,7.52,6.08,11.06,5.15,7.25,5.02,4.47,9.91,7.51,5.15,4.12,3.69,7.84,7.66,2.66,1.59,4.81
198111,-1.22,2.35,3.76,2.79,4.05,1.44,5.58,4.64,6.06,5.57,0.47,2.60,4.37,2.85,5.46,3.94,4.69,2.39,7.47,4.74,3.65,5.74,5.18,4.44,3.77
198112,-4.00,-2.12,-0.56,-0.40,-1.15,-1.70,-0.46,-1.96,-2.44,-1.62,-1.82,-2.00,-1.05,-1.21,-3.15,-3.44,-2.31,-1.67,-2.39,-2.37,-2.93,-3.42,-3.79,-2.06,-1.79
198201,-2.97,-0.55,-1.81,-1.43,-0.27,-5.39,-2.93,-4.25,-2.95,0.24,-6.17,-3.17,-4.87,-2.23,1.46,-6.59,-4.17,-3.78,-1.57,-1.71,-0.25,-3.85,-2.82,-1.10,1.43
198202,-7.94,-4.09,-2.93,-2.73,-0.91,-7.28,-4.41,-4.27,-0.97,-0.50,-7.94,-2.47,-1.49,-3.12,0.26,-6.53,-6.34,-3.57,-0.18,0.70,-7.42,-7.37,-2.68,-1.19,-3.92
198203,-1.91,-0.37,-1.26,-0.27,0.13,-3.71,0.05,-1.17,1.75,1.85,-2.38,-0.17,1.29,-0.35,3.02,-3.06,-1.90,0.04,0.14,1.05,-3.50,0.44,-1.54,2.60,2.04
198204,6.46,6.25,5.10,5.02,4.51,6.79,6.94,5.68,4.39,4.20,6.39,5.66,4.51,5.01,4.89,6.50,5.43,4.21,3.78,5.02,6.64,3.93,2.98,3.06,0.55
198205,-3.14,-1.67,-0.01,-0.84,-0.71,-4.02,-3.99,-2.68,-1.92,-1.99,-3.51,-2.11,-3.28,-1.25,-1.17,-4.76,-4.50,-3.71,-4.02,-2.78,-4.03,-1.77,-1.48,-3.40,-1.26
198206,-4.43,-3.02,-2.54,-1.20,-1.24,-4.09,-1.33,-1.51,-0.53,-1.29,-3.92,-0.74,-0.49,-2.12,-1.88,-4.19,-3.10,-0.79,-1.29,0.51,-2.85,-1.08,-0.60,-1.82,-2.88
198207,-3.84,-2.53,0.33,-0.79,-0.43,-3.28,1.30,-0.34,-0.23,-0.87,-1.87,-0.61,-2.02,-3.43,-1.48,-1.63,-4.07,-2.93,-3.34,-2.81,0.64,-3.77,-4.24,-2.13,-1.83
198208,4.88,7.04,6.85,5.06,5.66,7.90,8.50,9.93,7.99,8.46,10.92,11.04,11.96,11.42,10.76,12.08,12.85,10.55,12.51,14.01,11.24,11.85,13.04,13.75,12.46
198209,2.25,2.58,5.74,3.85,4.35,2.66,2.36,5.04,5.53,5.74,3.20,5.52,4.25,4.01,2.26,2.61,2.20,7.66,2.71,-0.03,1.68,2.04,1.17,-0.11,0.16
198210,17.68,13.60,13.23,12.86,11.64,17.21,12.53,13.47,9.97,11.33,15.13,13.76,12.39,13.16,13.14,15.53,14.90,12.41,12.63,12.83,11.52,11.27,10.30,11.36,5.95
198211,9.12,10.32,11.69,10.36,10.48,9.74,8.88,7.92,8.00,8.82,10.52,8.68,6.97,5.66,8.20,7.38,6.98,4.43,5.40,7.30,7.23,3.96,1.33,2.91,1.67
198212,2.55,2.31,1.98,2.29,2.41,-0.37,2.54,1.10,0.42,1.00,0.59,0.48,-0.80,0.27,2.60,0.87,0.14,2.47,0.23,2.65,2.35,-0.01,1.13,0.40,5.92
198301,13.54,8.53,8.86,9.04,7.10,7.93,8.29,3.52,4.82,4.80,6.36,3.02,4.30,3.02,3.99,4.96,3.43,2.79,2.48,2.08,2.10,3.09,3.77,6.09,2.77
198302,3.14,4.65,8.07,7.50,8.94,5.15,4.96,7.93,5.77,5.39,5.19,4.81,5.56,4.43,5.12,4.79,2.90,2.62,3.32,4.48,2.39,3.89,3.21,1.12,2.41
198303,2.80,5.69,6.64,4.50,7.55,1.93,3.73,6.55,7.20,4.74,2.18,6.36,4.63,7.60,4.70,0.62,2.66,4.63,5.54,5.14,3.31,2.64,4.12,3.49,1.83
198304,7.33,7.37,8.72,9.51,9.04,7.94,8.33,8.88,7.78,7.57,6.65,7.30,7.09,6.43,6.55,4.85,5.74,7.60,6.97,6.23,6.62,6.04,8.78,9.02,7.24
198305,11.99,10.28,8.35,8.54,7.91,5.49,6.44,5.29,3.19,5.53,5.74,5.36,2.75,2.18,1.37,4.92,5.50,4.76,1.87,1.04,-1.02,-2.14,-0.47,-1.61,1.17
198306,4.11,6.88,3.81,2.91,4.27,6.86,5.33,1.44,2.70,3.85,4.80,5.32,4.94,1.34,1.59,6.39,4.73,4.14,-1.35,1.88,5.90,5.32,2.85,1.64,0.65
198307,-6.09,-2.12,-1.02,0.86,0.73,-7.22,-4.55,-0.88,1.67,1.01,-6.22,-3.06,2.66,1.04,0.66,-4.33,-3.72,-4.70,-0.83,-0.57,-4.84,-6.02,-3.60,-0.22,-2.17
198308,-6.05,-3.96,-2.33,-3.56,-1.18,-5.39,-3.36,-2.77,-1.11,0.66,-3.74,-4.33,-1.52,-0.85,2.27,-2.95,-1.80,-0.05,2.78,3.69,-0.66,-0.50,0.37,4.20,6.62
198309,-3.06,0.17,0.62,1.56,1.63,1.13,1.39,4.00,4.79,3.62,1.86,4.10,2.84,4.92,6.95,3.42,2.14,2.97,2.67,1.50,2.87,2.12,1.87,-1.00,0.50
198310,-10.40,-6.32,-5.06,-3.56,-2.93,-10.19,-7.31,-4.14,-1.77,-3.01,-8.29,-4.60,-2.95,-0.61,-1.79,-7.00,-2.84,-1.89,-1.73,-0.42,-2.49,-2.24,-0.31,-0.01,-0.67
198311,3.76,3.63,3.52,2.67,4.38,5.77,5.20,4.71,5.25,4.95,6.23,4.38,4.74,4.02,4.08,5.72,2.62,4.52,4.85,3.80,1.20,3.10,2.66,1.63,0.62
198312,-5.28,-1.04,-0.69,-0.28,0.75,-3.09,-1.19,0.08,-0.10,0.11,-3.18,-1.22,-0.09,-1.11,1.63,-3.35,-0.69,-2.80,-1.75,-0.54,-0.04,0.06,-2.10,-1.01,0.54
198401,-1.93,-0.98,-0.05,1.18,3.18,-6.32,-1.39,-0.31,0.17,3.77,-7.03,-4.62,-2.22,0.16,-0.23,-7.52,-3.55,-1.47,-0.37,0.46,-5.69,-0.77,1.17,1.60,6.98
198402,-7.49,-6.92,-5.33,-4.25,-4.58,-7.18,-6.00,-3.86,-3.27,-3.79,-6.78,-7.14,-4.79,-4.58,-2.78,-5.86,-5.69,-5.51,-3.20,-4.70,-3.77,-6.09,-4.10,-2.51,0.68
198403,-0.98,1.46,0.56,1.62,2.14,-0.28,1.30,0.85,1.27,2.10,0.63,1.46,2.44,1.26,3.35,0.48,0.84,2.47,1.54,4.24,1.79,2.88,0.22,1.74,-1.46
198404,-3.98,-1.76,-0.72,-0.01,-0.99,-1.28,1.47,0.72,0.00,-1.06,0.00,1.10,-0.10,-1.16,0.12,-1.28,-0.66,-0.57,-2.53,-1.84,1.43,-0.42,1.25,1.62,2.43
198405,-6.05,-4.74,-5.01,-3.38,-3.63,-6.10,-4.93,-5.02,-3.97,-4.22,-5.87,-5.58,-5.63,-4.07,-6.94,-3.89,-3.97,-5.16,-5.30,-7.55,-5.20,-3.28,-6.31,-4.14,-6.05
198406,1.44,3.33,2.27,1.49,1.34,3.98,4.69,1.88,2.83,1.21,6.39,5.01,0.89,1.63,-0.33,5.77,4.65,1.78,1.95,2.55,3.48,5.52,1.92,-1.06,5.34
198407,-7.22,-5.17,-4.51,-1.91,-2.16,-5.26,-5.62,-1.44,-3.79,-3.84,-3.37,-3.66,-2.69,-3.19,-1.00,-3.55,-5.10,-2.51,-4.39,-0.85,0.31,-1.44,-0.15,-2.93,-2.33
198408,11.48,11.64,8.76,7.13,8.65,15.99,10.55,10.01,9.30,10.39,15.24,13.17,10.91,11.76,9.42,12.83,13.17,12.43,11.24,10.01,10.77,10.17,10.38,11.49,12.50
198409,-2.60,-1.42,0.37,1.25,2.40,-5.48,0.26,2.01,1.51,3.32,-3.97,1.76,1.91,2.11,3.43,-1.47,-1.52,0.66,1.43,4.43,-2.78,-1.69,-0.42,1.85,3.24
198410,-3.80,-1.36,-2.15,-1.56,-1.28,-2.91,-1.72,-0.24,0.90,0.98,-1.62,-0.76,1.51,-1.61,1.49,-0.43,0.08,0.69,0.15,1.72,0.88,2.86,1.20,-0.35,-1.58
198411,-5.79,-3.98,-1.32,-1.52,-0.93,-5.78,-2.13,-0.36,0.01,1.20,-4.07,0.55,1.37,1.27,1.87,-3.51,-0.55,-1.00,0.59,1.99,-2.46,-0.97,-1.63,-0.77,1.43
198412,0.58,0.71,1.10,0.43,0.76,1.96,2.26,1.72,2.48,2.76,4.41,3.46,0.98,1.65,2.16,3.31,1.93,2.23,2.97,3.47,2.58,2.37,2.82,3.18,1.22
198501,16.12,14.49,10.69,10.11,8.50,16.04,13.06,9.05,9.87,8.76,13.73,10.43,9.52,8.98,7.94,12.22,12.83,8.43,8.26,6.31,9.54,7.96,7.54,6.94,4.28
198502,3.68,5.09,3.34,2.75,3.73,3.01,3.15,2.57,2.04,0.84,2.00,1.20,1.29,1.72,-0.61,2.72,-1.13,2.00,2.60,1.11,0.19,2.68,1.50,2.63,2.72
198503,-2.65,-3.02,-1.50,-1.25,-0.26,-4.55,-3.51,-0.78,0.44,3.22,-4.31,-1.30,-1.99,1.02,3.73,-2.71,-2.39,0.10,0.64,4.61,-1.56,1.04,-0.43,1.06,1.55
198504,-2.20,-1.80,0.14,0.41,0.28,-3.14,-1.29,-0.25,2.53,0.85,-1.37,-1.27,-0.50,2.63,1.50,-1.28,-3.34,0.52,0.91,0.93,-1.68,-2.41,-1.34,1.21,3.03
198505,2.53,3.96,3.77,2.71,1.11,4.06,4.13,3.26,5.43,2.75,6.23,5.61,3.18,4.73,4.20,6.72,5.70,5.64,4.34,6.59,5.70,7.52,8.78,5.58,4.59
198506,0.60,0.53,0.82,1.33,2.57,0.73,2.30,2.43,3.10,3.65,2.66,1.62,4.35,2.78,3.36,1.99,1.82,2.26,3.60,0.91,0.67,2.88,1.49,0.31,2.33
198507,2.40,3.04,2.52,1.53,2.30,3.24,3.51,4.99,-0.09,0.41,1.24,2.64,1.62,0.98,1.96,-0.54,0.40,1.19,-2.11,0.71,0.55,-0.36,-1.96,-1.51,-2.35
198508,-1.60,-1.05,-0.66,0.21,-1.13,-2.04,-0.95,0.81,0.26,0.29,-2.47,-0.89,0.13,-0.45,0.28,-1.76,-0.32,1.02,-0.27,0.26,-1.81,0.02,-0.37,0.30,0.77
198509,-8.06,-5.73,-5.00,-3.93,-4.05,-7.51,-6.17,-3.28,-3.74,-5.75,-6.83,-4.36,-3.19,-3.80,-2.95,-5.08,-4.07,-4.74,-6.35,-4.90,-3.65,-2.45,-1.87,-3.13,-4.12
198510,0.67,1.69,3.73,3.29,1.76,3.82,3.86,4.17,5.63,2.87,4.02,4.28,4.32,2.41,2.83,5.68,5.28,4.25,5.50,5.58,3.63,4.41,4.79,5.83,6.38
198511,5.49,6.45,6.54,4.99,4.91,9.28,7.16,8.12,7.21,6.50,7.73,7.30,5.90,6.56,6.51,8.64,6.96,8.35,5.50,5.48,10.07,8.17,7.65,3.98,4.71
198512,3.67,5.18,4.03,3.99,3.40,5.20,4.49,5.08,3.92,0.31,5.67,4.68,2.41,2.66,5.41,3.72,4.44,2.83,4.97,5.18,6.88,3.75,5.10,2.98,4.40
198601,3.88,2.18,2.23,2.04,3.02,0.88,1.84,1.40,0.20,2.40,1.91,2.76,1.38,2.50,3.07,1.11,0.48,1.96,2.72,3.53,0.37,1.34,1.55,-1.38,1.41
198602,5.91,6.43,6.61,8.01,5.36,7.72,7.00,6.77,9.49,3.87,6.95,9.37,8.01,7.10,6.54,7.96,9.42,7.01,7.26,7.68,7.58,10.12,8.63,6.50,7.20
198603,4.73,5.51,5.04,4.72,6.26,3.83,5.12,5.79,5.17,6.45,4.93,7.26,5.52,5.87,5.68,5.69,5.22,6.54,4.05,4.63,5.96,7.32,5.42,4.77,4.56
198604,2.66,2.27,1.40,0.17,0.48,2.17,2.17,0.20,0.77,-1.91,2.13,2.24,1.11,1.24,-1.54,1.97,-0.34,-1.74,-2.51,-4.87,0.32,-0.98,-2.14,-2.82,-2.74
198605,4.17,3.36,4.20,3.81,4.04,3.39,2.44,5.18,4.34,2.86,6.21,4.31,5.90,5.22,3.19,6.28,3.97,5.74,4.41,4.43,5.15,6.31,3.51,6.56,5.55
198606,0.21,-1.58,-0.33,1.25,2.35,0.62,0.14,2.55,1.70,2.43,1.11,-0.71,2.26,0.62,2.59,1.46,1.03,0.10,3.77,1.40,2.17,2.08,1.28,0.62,2.93
198607,-10.13,-8.88,-8.09,-6.06,-8.74,-11.42,-9.96,-8.81,-4.68,-7.10,-9.80,-7.98,-8.08,-5.98,-5.27,-8.79,-7.48,-7.17,-3.97,-4.47,-7.04,-5.91,-4.83,-2.68,-2.61
198608,0.33,0.57,2.00,1.89,1.76,2.41,4.19,4.19,5.74,4.83,4.36,3.48,6.05,7.29,8.64,4.51,6.58,7.20,10.13,9.46,4.51,6.50,5.99,10.31,10.79
198609,-7.97,-6.39,-5.56,-4.47,-3.14,-8.87,-6.27,-4.85,-2.66,-5.88,-8.02,-7.84,-4.56,-4.79,-5.42,-9.37,-5.81,-7.01,-7.00,-5.91,-10.29,-10.94,-7.79,-7.93,-6.46
198610,1.97,2.56,2.25,3.03,1.09,6.40,4.20,3.46,2.95,1.60,5.66,2.47,1.17,2.06,2.39,5.81,6.38,5.71,6.03,4.24,4.95,7.03,6.57,4.57,6.05
198611,-2.20,0.12,0.48,-0.11,1.31,0.26,0.47,-0.49,-2.22,-0.05,0.03,0.27,-1.22,1.50,-0.62,1.08,1.37,1.72,-1.13,1.14,2.73,1.87,2.82,2.50,1.65
198612,-5.56,-1.86,-3.82,-1.60,-3.48,-3.08,-2.08,-3.42,-3.49,0.62,-2.61,-1.87,-3.65,-2.13,-0.94,-4.53,-3.00,-2.87,-2.38,-3.30,-1.72,-2.51,-4.31,-2.87,-2.94
198701,10.99,9.83,11.61,9.95,9.45,13.67,12.43,10.52,10.03,10.85,13.92,13.43,8.81,10.17,9.40,13.90,12.35,10.28,11.94,11.61,13.34,16.53,11.32,12.55,11.92
198702,10.73,8.46,6.80,7.09,6.60,9.72,9.09,6.54,5.93,5.49,9.00,8.18,5.11,4.18,4.22,7.46,6.69,6.47,3.43,2.62,8.20,5.97,2.88,-0.45,-1.07
198703,2.27,3.27,2.52,3.52,4.74,0.49,3.34,1.46,2.88,3.50,0.30,1.53,1.10,2.48,3.42,1.89,1.72,1.87,1.93,-1.28,1.56,2.27,0.41,3.03,4.80
198704,-2.25,-2.73,-2.25,-0.58,-1.32,-3.91,-2.55,-2.89,-3.80,-4.87,-2.04,-2.31,-4.55,-2.00,-2.63,-3.70,-2.29,-2.43,-2.01,-1.58,-1.35,-1.16,-2.20,-0.72,-0.50
198705,-0.16,-1.55,0.18,0.58,3.15,-1.02,0.01,-0.05,0.32,0.60,0.89,0.08,-0.49,0.44,0.33,2.08,0.50,-0.34,-0.57,0.81,1.91,-0.55,-0.04,0.78,0.52
198706,-0.33,1.97,2.66,1.99,4.24,1.71,2.98,3.79,3.08,4.18,2.10,2.17,5.57,5.26,2.59,4.71,3.22,4.43,4.09,3.72,4.73,5.42,6.20,5.14,5.28
198707,1.81,1.98,2.15,2.92,5.34,2.26,2.12,3.52,3.67,5.74,2.50,4.36,4.17,3.36,7.85,3.79,4.76,4.80,4.39,4.71,6.06,3.19,6.27,2.56,3.10
198708,0.68,2.37,2.78,2.46,0.75,2.82,3.36,4.08,2.74,3.95,3.83,3.65,4.17,3.76,0.76,4.74,4.12,3.27,3.34,2.00,4.83,5.23,3.44,4.72,2.63
198709,-2.76,-0.49,-1.01,-0.40,-1.28,-2.16,-2.34,-0.74,-0.79,-2.60,-3.27,-2.38,-1.92,-2.49,-1.14,-2.18,-1.00,-2.39,-1.93,0.33,-2.17,-4.07,0.09,-1.93,-2.90
198710,-34.23,-30.94,-28.65,-28.89,-28.87,-32.71,-31.63,-27.76,-26.04,-28.84,-29.63,-29.15,-24.50,-22.82,-26.17,-25.94,-28.83,-25.00,-18.26,-23.84,-21.64,-22.42,-21.65,-14.88,-18.99
198711,-8.47,-4.89,-4.83,-4.63,-3.50,-7.21,-4.85,-3.64,-3.49,-2.83,-7.17,-2.66,-2.91,-3.20,-3.86,-6.20,-5.87,-6.33,-4.46,-2.08,-9.64,-8.49,-8.27,-7.61,-7.55
198712,2.81,4.92,5.57,4.95,3.32,11.83,9.96,7.50,6.12,5.08,12.30,9.63,6.43,4.48,6.83,12.50,10.80,9.32,3.88,3.77,8.36,7.51,7.88,3.24,6.26
198801,5.78,7.47,4.40,4.99,6.44,1.86,2.77,5.10,4.00,6.92,1.41,3.61,4.03,7.86,6.64,0.24,4.29,4.58,6.24,6.19,2.28,1.63,5.52,8.84,8.80
198802,5.98,7.74,7.57,7.39,7.59,8.43,11.97,8.84,7.90,7.91,8.74,8.14,7.09,7.12,6.13,8.50,9.40,6.16,4.99,6.35,4.58,5.45,4.52,1.79,2.77
198803,4.09,6.07,5.66,5.31,4.98,2.31,6.83,3.84,3.28,4.55,2.90,1.08,1.29,-0.12,0.68,-0.97,1.12,0.00,-0.02,4.38,-4.59,-4.10,-3.92,-3.73,-1.00
198804,1.01,1.31,2.45,1.03,3.92,2.14,4.35,3.07,1.67,2.43,-0.88,0.24,1.72,0.54,1.41,-0.03,0.65,1.27,-0.96,1.05,-0.78,1.07,1.55,2.37,2.37
198805,-3.60,-2.15,-0.81,-1.83,-0.93,-4.46,-2.06,-2.41,-1.36,-0.88,-0.81,-1.86,-1.15,1.47,0.92,-0.77,-0.58,-0.67,2.44,1.00,0.08,0.29,-0.16,2.21,2.60
198806,6.49,6.20,6.18,6.03,5.06,7.50,10.63,8.10,5.40,8.57,6.89,7.46,6.48,5.83,5.75,7.35,6.90,6.64,3.98,8.42,4.18,6.78,5.32,3.06,3.04
198807,-0.92,-0.35,-0.79,0.91,-1.04,-2.55,-2.34,0.02,0.56,1.18,-4.28,-2.06,-1.52,-0.11,-0.28,-3.31,-3.48,0.38,-1.26,0.27,-0.89,-1.06,0.53,0.05,0.93
198808,-4.10,-2.51,-1.00,-1.28,-2.07,-3.93,-4.01,-2.04,-0.42,-1.58,-4.23,-2.45,-2.13,0.03,-1.07,-3.77,-3.16,-0.77,-0.07,1.37,-2.72,-5.24,-2.45,-1.41,-3.10
198809,1.24,2.76,2.87,1.62,2.83,2.66,2.58,2.75,2.72,2.88,3.92,2.42,2.53,1.53,3.25,4.67,1.18,3.71,2.20,4.69,5.70,5.38,2.08,4.05,3.98
198810,-2.82,-1.71,-1.27,-2.28,-1.03,-2.64,-0.73,0.42,-0.03,-0.58,-1.57,0.53,1.02,0.84,2.64,-1.63,0.95,0.50,1.31,2.45,1.84,5.57,1.53,2.41,4.34
198811,-4.98,-4.78,-3.60,-3.04,-4.32,-4.24,-3.08,-1.96,-3.22,-2.12,-2.97,-2.48,-3.83,-0.63,-1.50,-1.64,-2.56,-3.28,-1.77,-0.96,-1.88,-1.14,-1.89,-0.49,0.34
198812,1.77,4.17,3.52,4.61,2.62,5.19,4.11,3.81,5.04,2.89,4.46,3.59,3.56,2.23,2.74,3.32,3.02,1.68,1.86,-0.81,2.62,2.09,1.80,0.50,0.42
198901,5.39,5.90,4.42,4.25,5.58,3.43,5.61,4.69,3.72,7.33,4.80,5.50,5.20,4.01,5.44,4.72,5.62,5.91,6.18,8.25,7.83,6.89,6.44,6.40,8.26
198902,-1.24,0.42,0.66,1.53,1.80,1.01,1.92,1.34,0.75,1.58,-0.06,0.63,0.34,1.20,-0.12,-0.25,-0.01,-0.90,0.19,1.35,-3.09,-2.87,-2.53,-1.67,-2.58
198903,1.29,2.72,4.65,2.77,3.07,1.85,2.46,2.24,1.72,3.18,2.24,1.22,1.57,3.31,2.49,-0.32,1.59,2.98,0.91,3.22,3.02,0.50,3.98,2.74,1.19
198904,3.08,3.24,3.54,2.42,2.90,4.58,5.38,4.83,2.58,5.77,5.35,4.64,4.65,4.17,3.77,6.41,5.29,4.12,5.34,5.31,6.11,5.31,4.69,4.44,3.67
198905,3.22,5.22,2.08,4.01,3.51,4.80,3.33,4.30,3.55,3.80,5.71,4.75,3.88,4.08,3.96,4.53,2.86,3.12,4.48,6.16,4.69,3.14,4.51,4.34,3.33
198906,-3.03,-1.66,-2.35,0.34,0.53,-4.92,-1.92,-0.34,-0.72,-1.68,-3.31,-1.37,-1.30,0.17,2.16,-2.25,-1.30,0.32,1.96,3.55,-0.52,-0.39,-1.23,-0.54,0.79
198907,2.74,4.88,2.28,3.45,1.47,5.61,5.17,3.05,3.76,3.47,5.37,5.01,3.54,4.70,3.80,8.52,8.42,6.07,5.93,6.65,11.56,9.59,6.65,7.77,6.68
198908,2.19,-0.19,0.70,2.70,1.55,3.67,2.82,3.10,3.58,2.70,2.90,3.04,4.99,3.22,1.73,3.79,3.80,3.03,3.66,1.56,-0.11,2.31,3.08,1.75,2.79
198909,1.24,-0.48,-0.52,0.84,-0.45,2.32,-0.12,0.84,0.64,-0.94,1.50,-1.21,-1.42,-0.18,-1.21,0.27,-2.93,-3.27,-0.94,0.50,1.16,-0.88,0.27,0.64,-0.37
198910,-5.12,-5.56,-4.76,-4.47,-6.78,-4.91,-7.13,-4.91,-5.83,-7.66,-4.07,-5.90,-6.29,-5.09,-4.85,-2.87,-3.65,-7.85,-2.98,-4.45,0.13,-3.52,-2.74,-3.29,-0.07
198911,-0.73,0.16,-0.54,-0.05,-1.29,0.30,1.72,0.65,1.55,-0.89,1.83,1.75,-0.04,0.78,2.22,2.24,2.21,0.59,0.34,0.95,1.97,2.37,2.70,1.26,1.06
198912,-0.79,-0.82,-1.05,-0.82,-1.66,1.33,-0.18,0.67,0.95,0.31,-0.01,0.69,-1.37,1.72,-0.60,2.66,2.04,1.44,1.48,2.30,0.69,0.98,4.58,4.83,1.05
199001,-8.28,-7.58,-4.73,-6.84,-6.06,-9.60,-9.38,-7.41,-8.04,-9.03,-9.58,-8.91,-7.52,-7.22,-7.66,-6.97,-5.86,-7.78,-9.03,-9.94,-7.61,-5.78,-7.05,-7.28,-5.79
199002,2.01,2.06,1.19,3.39,1.54,3.40,3.71,2.99,3.55,2.42,3.29,3.33,2.04,1.36,2.86,1.66,1.27,1.45,1.53,3.50,-0.11,1.84,2.37,1.47,2.00
199003,4.42,2.77,2.11,3.86,1.42,4.91,4.51,4.82,3.13,1.58,5.15,2.71,2.72,1.44,-0.50,3.73,3.98,1.90,1.98,-0.09,3.95,3.85,0.26,0.60,1.04
199004,-2.55,-2.35,-1.85,-2.40,-3.52,-4.06,-3.58,-2.02,-2.84,-5.70,-2.34,-2.09,-3.28,-5.66,-5.65,-2.80,-4.13,-6.31,-5.21,-6.06,0.47,-1.33,-3.86,-4.11,-4.22
199005,8.11,6.27,6.00,4.36,3.42,10.74,8.52,5.80,5.56,3.47,9.15,8.81,7.03,5.01,6.49,11.07,8.55,10.20,7.19,8.37,11.59,10.94,7.52,6.44,7.88
199006,1.15,2.56,2.56,0.46,-0.21,0.14,0.89,-1.12,-0.12,-0.34,2.21,0.54,-0.19,-1.94,-0.18,0.48,-1.84,-1.75,-1.60,-0.38,3.41,-2.13,-2.27,-3.49,-0.22
199007,-4.64,-5.06,-3.07,-3.18,-4.59,-5.22,-4.43,-4.34,-2.49,-4.14,-4.60,-1.47,-3.41,-4.71,-4.78,-2.18,-1.80,-3.53,-2.28,-2.01,-0.96,-1.23,2.22,-1.30,-2.03
199008,-16.61,-14.41,-12.35,-10.99,-12.41,-14.61,-13.66,-12.44,-10.45,-11.39,-13.86,-13.68,-11.09,-8.86,-10.09,-9.86,-11.57,-10.72,-9.16,-9.99,-8.54,-10.22,-6.58,-9.46,-10.58
199009,-10.64,-9.35,-7.82,-6.95,-8.80,-10.16,-9.69,-8.47,-6.91,-7.83,-9.38,-7.03,-6.54,-8.04,-8.35,-5.73,-6.47,-9.93,-7.02,-7.01,-5.14,-5.24,-1.43,-6.62,-7.41
199010,-6.43,-6.04,-6.68,-5.49,-7.25,-6.47,-5.49,-4.31,-4.17,-7.59,-4.88,-4.86,-4.06,-3.07,-4.44,-0.94,-3.23,-7.39,-1.69,-1.26,1.64,-1.83,-0.94,0.75,0.94
199011,3.60,4.86,4.56,2.41,1.19,12.05,5.88,6.93,7.13,4.24,11.17,9.35,7.42,7.56,7.64,9.27,8.03,11.19,9.14,6.04,6.43,7.72,5.83,6.13,4.35
199012,0.31,-0.36,0.56,2.20,0.10,4.48,5.36,4.39,4.05,4.62,6.62,4.22,3.85,3.67,2.90,4.10,4.11,4.56,4.12,3.62,3.23,3.78,1.60,2.20,0.81
199101,7.82,7.14,10.42,8.91,11.11,10.29,6.84,7.12,6.78,8.63,9.33,8.84,6.61,8.04,3.58,8.38,3.92,8.43,4.18,5.33,5.18,6.11,1.72,5.92,3.96
199102,14.22,12.27,13.14,12.28,11.90,11.94,10.36,9.96,8.03,13.92,9.54,11.11,7.94,8.65,8.55,8.58,9.22,9.05,7.83,5.92,8.13,6.97,5.19,6.18,7.96
199103,10.29,8.57,7.89,6.20,7.92,7.79,5.14,5.53,6.41,6.60,7.60,2.66,2.12,4.87,6.01,4.82,3.97,3.24,3.99,3.01,4.55,1.87,0.21,1.71,1.19
199104,1.10,0.88,1.24,0.55,0.56,-1.42,0.92,1.00,1.34,1.46,-2.70,-0.79,2.98,2.29,1.70,-0.76,0.14,4.01,1.71,-0.32,0.01,0.03,-0.03,1.32,-0.16
199105,2.35,4.24,4.56,3.13,3.19,5.54,2.91,5.66,3.51,3.65,3.68,6.51,4.83,4.47,0.20,6.59,2.75,6.15,4.24,5.51,3.97,5.13,1.67,3.97,6.90
199106,-7.18,-3.88,-3.93,-4.03,-3.79,-5.12,-5.23,-3.13,-3.03,-5.67,-4.70,-4.55,-3.44,-2.09,-4.98,-5.25,-4.42,-5.73,-3.33,-3.47,-4.33,-5.70,-3.70,-4.85,-3.96
199107,2.57,4.08,2.27,3.38,2.60,4.33,3.45,3.40,3.59,2.41,6.01,4.24,4.12,3.17,6.71,5.94,3.64,2.22,4.98,7.27,6.43,3.02,4.82,4.93,-0.95
199108,3.83,4.24,3.01,1.38,2.72,4.13,3.60,3.52,3.52,3.10,5.41,4.10,2.58,4.04,6.00,1.60,2.70,2.70,3.16,3.18,4.33,0.59,2.81,1.36,1.58
199109,4.26,2.52,0.47,-0.13,-1.20,0.54,0.74,2.01,1.00,-2.02,-0.06,-0.47,-0.73,0.49,-3.10,-0.29,-1.66,-0.98,0.18,-1.07,-2.08,-1.19,-0.98,-0.02,-2.94
199110,7.10,4.08,1.55,3.83,1.39,2.53,1.29,3.15,0.62,1.43,2.75,1.26,1.33,2.70,3.87,2.56,0.40,1.49,2.66,3.46,1.47,0.94,2.00,2.88,1.27
199111,-1.78,-3.73,-4.53,-2.91,-2.96,-5.04,-5.20,-2.84,-5.19,-6.48,-3.34,-4.60,-4.05,-4.68,-5.91,-2.34,-4.91,-3.86,-2.84,-6.26,-1.23,-5.48,-5.51,-3.54,-9.29
199112,6.33,4.10,5.63,4.01,4.92,11.35,7.06,5.58,6.03,8.05,14.43,10.86,7.25,9.82,11.29,13.29,9.04,9.72,8.61,11.02,15.39,8.92,8.29,6.81,14.32
199201,14.52,16.27,8.49,14.14,16.37,8.20,4.65,6.29,7.30,9.89,1.55,4.40,5.08,5.69,9.30,-0.23,2.28,1.07,0.46,6.33,-3.22,-2.07,-2.50,0.24,6.43
199202,-0.10,5.53,2.89,4.89,10.02,0.44,2.78,1.66,4.65,5.92,0.24,2.06,3.89,2.88,8.34,-0.49,3.01,2.84,2.21,4.92,0.16,-0.43,1.92,4.24,10.86
199203,-6.70,-5.62,-2.45,0.45,-1.22,-8.51,-2.08,-1.67,-0.40,-1.08,-5.23,-2.20,-0.55,0.26,-1.56,-5.65,-1.06,-2.67,-0.91,-2.29,-2.84,-1.77,0.22,-1.44,0.71
199204,-10.15,-3.53,-4.83,-3.87,-2.92,-6.25,-3.37,-2.76,-2.38,-0.20,-5.67,-1.79,-1.08,0.41,2.75,-1.97,0.62,1.81,3.58,3.93,-0.18,5.49,5.58,2.75,10.17
199205,-1.51,0.23,-0.03,-1.32,1.77,-0.30,0.49,1.60,1.13,4.09,0.04,-0.76,1.99,0.67,3.78,0.08,1.16,1.36,0.79,0.00,1.26,0.33,-0.05,0.22,-0.26
199206,-9.21,-5.24,-5.30,-5.11,-4.24,-5.49,-5.68,-2.47,-3.26,-1.07,-4.85,-3.69,-2.49,-1.35,-0.37,-1.84,-4.37,-1.54,0.35,-1.04,-3.07,0.13,-2.23,-0.26,2.97
199207,0.92,0.90,1.91,2.50,2.85,2.67,4.09,3.07,4.55,3.19,5.42,4.79,3.88,4.93,3.92,5.19,4.11,3.72,4.23,2.33,4.89,3.63,4.80,3.23,-0.33
199208,-4.56,-2.90,-1.75,-2.02,-3.17,-4.23,-3.46,-0.30,-0.41,-3.66,-4.03,-1.78,-2.32,-1.29,-3.17,-1.18,-2.52,-2.35,-1.50,-4.71,-0.57,-3.10,-0.64,-3.68,-8.81
199209,0.32,1.77,1.67,2.11,0.98,1.96,1.57,3.72,2.20,2.19,2.92,2.71,1.85,0.50,1.74,0.54,3.38,1.83,1.14,0.43,0.81,3.43,0.87,0.07,0.20
199210,2.62,1.78,2.78,2.24,1.26,4.79,3.97,2.53,1.26,2.51,6.02,3.49,1.70,2.46,1.26,4.94,0.73,1.02,2.10,4.89,2.02,1.52,-1.70,-1.92,-0.14
199211,10.48,10.54,7.72,8.53,7.82,9.44,8.14,6.58,4.51,6.62,9.70,6.93,6.13,5.08,4.50,7.04,5.01,4.04,2.81,4.06,3.68,4.91,0.68,3.11,8.52
199212,1.45,3.60,4.93,3.82,5.13,1.59,2.58,3.37,6.24,4.99,3.24,5.53,2.34,4.09,4.44,1.49,1.89,4.12,4.18,4.42,-0.70,3.20,3.08,-0.12,2.85
199301,2.63,5.80,3.83,5.84,8.16,-0.70,3.24,4.43,4.68,8.08,-2.00,3.45,4.55,3.37,4.26,1.14,1.54,2.96,2.68,4.57,-2.41,0.98,0.81,3.29,9.30
199302,-7.58,-5.14,-2.16,-0.47,0.79,-7.97,-4.59,-0.26,2.70,1.74,-8.08,0.21,1.36,0.63,3.56,-5.20,1.75,1.55,3.11,2.40,-3.07,2.24,5.05,4.91,2.10
199303,0.57,1.72,3.58,2.61,4.91,0.97,2.46,3.91,2.16,3.80,4.83,3.21,3.02,3.23,6.25,2.73,4.95,4.04,3.42,1.98,0.69,3.57,3.32,0.73,3.43
199304,-3.97,-4.52,-2.88,-2.35,-1.25,-3.21,-3.15,-1.65,-2.41,-4.17,-4.40,-2.72,-2.91,-1.66,-1.44,-5.03,-2.54,-1.86,-1.82,-1.89,-5.99,-2.24,-0.25,-1.56,1.13
199305,5.54,4.43,3.79,3.03,4.68,6.94,4.58,3.41,1.55,4.16,7.79,6.61,2.92,2.40,2.25,6.96,4.09,2.03,1.17,2.70,3.15,4.45,1.38,1.75,-0.51
199306,-1.71,0.57,0.01,-0.70,2.01,-0.37,0.75,0.55,0.35,2.31,-0.73,0.29,1.48,2.75,0.98,0.73,0.58,2.27,1.22,3.82,-2.46,1.05,1.72,1.78,4.84
199307,-1.55,-0.46,0.94,2.22,3.30,-0.09,0.44,1.36,2.66,1.98,-0.40,0.14,1.02,2.32,-0.49,-2.78,1.24,1.18,2.24,0.35,-3.50,0.28,0.99,2.49,0.56
199308,3.89,5.08,3.71,3.37,3.13,3.55,5.85,4.89,5.35,3.51,4.06,4.92,3.56,3.05,2.90,6.29,3.31,4.88,3.52,5.15,3.71,2.12,4.12,4.32,2.38
199309,2.41,2.28,2.95,2.93,3.33,3.69,3.61,2.23,2.41,2.25,4.02,0.98,1.25,1.63,0.39,0.85,1.74,0.24,-0.86,-0.71,-0.85,-1.66,-0.06,1.37,-3.26
199310,5.08,4.82,4.58,4.18,4.48,3.93,2.11,0.82,1.24,0.71,2.15,-1.41,0.68,0.05,4.08,3.22,0.48,-0.52,-0.88,-1.18,4.16,0.55,-0.11,-0.76,5.77
199311,-3.91,-2.91,-2.04,-1.95,-1.91,-2.74,-3.17,-2.50,-4.56,-3.69,-2.71,-2.34,-3.01,-3.31,-0.99,-2.37,-2.92,-2.15,-2.41,-4.99,1.48,-1.65,-2.97,-3.46,3.42
199312,0.68,0.82,1.74,1.29,1.14,2.21,4.50,4.62,1.38,3.87,4.00,6.10,5.57,3.50,2.84,4.19,5.44,3.76,2.31,3.77,0.09,2.30,0.64,1.42,2.69
199401,2.51,6.43,5.21,5.56,6.06,1.39,2.12,1.74,3.01,4.91,1.93,1.95,1.56,2.11,7.30,2.54,3.36,4.04,2.54,2.64,1.34,3.82,4.85,2.90,5.91
199402,-3.20,1.61,-0.46,-0.20,0.02,-0.38,0.23,0.28,-1.78,-1.49,-0.86,1.89,0.86,-1.87,-1.68,-1.05,0.15,-1.69,-2.54,-4.72,-1.82,-2.01,-3.41,-4.95,-4.91
199403,-7.51,-5.18,-4.21,-5.02,-3.08,-7.26,-5.29,-5.13,-3.76,-5.91,-5.73,-4.82,-4.64,-3.99,-5.70,-5.81,-4.81,-4.60,-2.75,-1.96,-4.73,-3.85,-2.84,-4.62,-4.43
199404,-3.74,-0.54,-1.49,-0.61,0.75,-0.88,0.60,1.74,1.41,2.15,-1.53,2.24,0.83,0.95,1.69,-0.26,0.94,1.44,2.31,1.44,1.37,-1.06,3.07,1.25,2.16
199405,-2.32,-2.10,-0.34,-0.33,-0.50,-2.40,-2.37,-1.30,0.24,1.11,-2.09,-1.59,0.36,-1.28,-0.20,-0.30,0.38,0.24,-1.25,-1.95,1.20,3.90,1.83,0.70,1.15
199406,-6.71,-4.38,-4.51,-2.19,-1.75,-5.51,-2.90,-0.60,-1.38,-1.50,-4.51,-2.62,0.08,-0.98,-1.73,-5.15,-2.68,-2.04,-1.73,-3.93,-2.46,-3.08,-2.13,-1.77,-3.58
199407,0.15,-0.08,0.33,0.82,1.44,2.56,1.46,2.30,1.38,3.57,3.33,2.32,0.91,3.10,4.97,2.52,2.30,4.20,4.69,5.48,2.53,3.63,3.25,4.63,3.39
199408,3.54,4.87,3.04,3.23,2.84,9.28,5.55,3.61,4.89,4.60,9.80,4.23,4.48,4.45,3.32,8.53,5.24,2.59,2.86,4.33,6.17,4.76,1.71,3.18,1.34
199409,1.14,1.45,1.33,2.09,0.76,0.08,0.32,-0.05,-0.41,-1.95,0.73,-1.85,-1.64,-1.11,-2.18,-0.44,-2.40,-2.59,-3.47,-2.24,-0.63,-3.34,-3.69,-2.84,-4.41
199410,-1.11,1.59,0.38,1.16,-0.27,1.45,0.47,-0.67,-1.59,-3.94,2.89,0.30,-0.44,-1.17,-1.61,1.36,0.37,-0.42,-0.26,-0.88,3.31,0.58,3.25,3.05,0.62
199411,-4.36,-3.22,-2.92,-2.86,-3.52,-2.51,-3.82,-4.15,-3.42,-5.71,-5.77,-4.04,-3.79,-4.70,-3.59,-3.73,-3.68,-4.85,-4.25,-4.11,-1.71,-4.93,-4.51,-3.68,-2.81
199412,-3.12,-0.45,0.10,0.33,-0.44,1.59,2.09,2.91,2.70,0.50,2.00,1.94,2.87,3.71,3.73,1.85,1.05,0.97,0.42,1.40,0.99,1.83,1.42,0.88,1.68
199501,1.87,2.07,2.60,2.21,2.47,-1.57,-1.10,-0.57,-0.02,0.30,-1.83,-0.82,-1.91,0.49,1.33,0.20,1.56,0.17,3.76,3.85,3.01,1.92,3.99,2.91,2.82
199502,2.20,3.03,1.98,3.08,3.26,3.92,3.15,3.29,5.06,4.99,5.97,4.41,5.33,4.43,4.59,4.05,5.64,4.80,3.90,4.44,3.27,5.54,3.80,3.53,3.69
199503,1.03,1.90,0.58,1.27,0.54,3.55,3.02,2.12,2.06,1.81,3.64,1.97,1.44,0.38,0.94,2.44,4.14,3.02,2.23,-0.35,2.78,3.99,2.80,2.82,0.26
199504,1.82,3.19,2.06,2.95,4.61,0.22,2.20,3.40,1.51,3.82,0.30,1.14,3.11,3.11,1.90,0.71,2.32,2.81,1.71,2.67,2.58,2.49,2.92,3.54,4.17
199505,1.90,2.14,1.27,1.61,4.04,0.93,2.23,1.51,3.29,2.11,2.09,-0.43,2.28,2.77,2.80,2.21,0.93,2.91,4.14,3.50,3.71,3.89,3.64,4.59,6.78
199506,7.74,7.88,5.90,4.55,4.98,9.92,3.65,4.48,4.34,4.37,6.39,2.41,4.67,2.22,2.24,6.90,3.10,4.55,1.11,2.93,3.85,2.94,0.18,2.21,0.62
199507,7.19,6.15,5.07,5.09,4.82,8.86,5.90,4.36,4.98,4.74,8.11,4.61,5.05,4.48,4.09,8.10,6.55,4.04,4.11,1.42,3.45,2.42,4.50,4.54,1.84
199508,4.18,5.16,4.01,4.36,3.72,0.73,1.42,1.89,3.84,3.62,0.52,1.18,2.06,3.61,3.71,0.17,1.50,2.62,1.96,3.05,-0.46,1.51,-0.27,2.28,2.59
199509,3.50,2.30,1.96,2.00,2.56,2.38,2.19,1.76,1.65,-0.08,2.83,0.70,1.71,1.67,0.61,3.77,1.86,1.16,1.78,3.48,4.75,5.53,2.80,5.09,4.97
199510,-6.07,-6.42,-4.53,-2.77,-2.61,-7.36,-6.61,-5.23,-4.52,-5.08,-2.60,-3.64,-3.63,-3.33,-2.05,-1.47,-5.56,-1.59,-1.39,-0.54,0.96,0.32,-0.01,-2.67,-2.13
199511,2.03,1.70,1.40,2.32,1.27,5.03,4.30,4.56,5.20,4.68,6.29,2.97,3.73,5.06,6.11,4.53,3.50,4.91,6.03,3.49,4.60,3.08,4.88,6.13,3.63
199512,2.12,3.80,1.02,1.50,1.45,2.39,2.96,3.35,3.52,3.14,1.72,2.29,2.89,1.35,2.33,-2.14,0.27,0.93,1.59,0.74,-0.15,2.78,2.72,1.63,3.66
199601,1.92,0.33,1.34,0.56,1.21,-0.36,-0.95,-0.28,-0.04,1.74,-2.54,1.10,-1.39,2.78,-0.02,1.29,2.59,2.41,0.92,1.97,3.71,3.98,2.69,3.31,3.44
199602,3.21,2.34,3.05,2.82,3.55,5.53,3.75,1.93,2.55,0.66,5.97,2.57,3.39,1.99,1.50,5.21,1.06,2.08,1.36,-2.35,1.36,1.20,2.02,0.76,0.79
199603,2.60,3.94,3.28,2.86,2.37,2.34,1.38,2.30,2.30,2.87,2.55,2.61,2.05,4.18,1.51,1.41,0.30,2.06,1.91,1.40,0.23,0.09,1.33,3.04,0.65
199604,8.55,9.39,9.13,5.02,5.77,10.74,6.29,3.77,6.73,1.71,6.34,3.72,1.46,1.43,1.06,6.38,5.08,2.89,0.68,-2.53,1.44,2.50,0.81,0.54,-0.73
199605,7.94,6.81,7.81,6.17,5.32,6.37,3.87,4.07,8.05,2.65,3.48,3.17,2.40,0.20,1.70,2.98,0.72,0.99,1.29,0.13,4.16,2.96,0.34,1.87,1.98
199606,-7.62,-5.82,-4.78,-2.84,-2.13,-6.57,-3.84,-2.30,-3.31,-0.99,-8.02,-2.08,-0.49,-0.21,-0.42,-4.32,-2.35,-1.21,0.05,2.98,1.03,1.11,-0.24,-0.81,0.03
199607,-14.66,-9.63,-6.90,-3.97,-5.97,-15.62,-8.74,-6.91,-4.95,-6.28,-11.91,-6.69,-5.43,-6.74,-4.49,-8.57,-5.32,-4.59,-4.68,-5.58,-5.19,-4.45,-3.54,-2.25,-5.92
199608,4.48,4.80,4.02,3.96,3.95,7.64,5.87,3.62,4.52,5.30,8.17,6.36,6.03,6.21,4.93,5.74,5.52,5.40,5.27,3.38,1.80,1.51,3.71,2.24,3.30
199609,2.73,2.62,2.49,3.69,2.33,5.79,2.34,2.70,4.13,3.59,7.99,4.01,4.04,1.57,1.78,5.98,4.54,3.70,3.37,3.01,7.27,5.67,5.08,2.74,1.15
199610,-5.99,-1.54,0.07,1.24,0.21,-5.09,-2.34,1.20,2.09,0.71,-6.45,-2.83,1.54,1.20,-0.03,-3.70,1.59,2.34,2.17,3.24,0.90,2.64,4.95,4.98,4.47
199611,-0.46,1.54,4.11,4.36,4.32,1.62,2.62,5.73,2.95,4.81,2.32,5.65,7.61,4.17,4.96,5.58,5.70,6.88,5.88,6.34,7.78,7.09,9.13,7.36,5.47
199612,-0.91,2.05,2.63,1.98,1.72,1.96,0.86,3.39,3.78,1.87,-0.39,0.66,2.22,0.85,1.08,-1.64,-0.45,0.05,0.26,2.04,-1.82,-1.67,-2.53,-1.35,-1.48
199701,6.47,5.13,6.17,4.96,3.14,3.85,3.71,1.22,0.88,2.24,0.86,2.47,1.91,3.37,3.95,2.41,4.35,3.47,1.97,2.80,8.07,5.65,5.20,5.56,2.43
199702,-5.72,-5.26,-1.26,0.59,0.96,-8.95,-2.42,0.21,1.88,0.48,-6.59,-0.63,0.92,1.19,1.07,-3.56,1.52,1.31,2.09,2.34,0.62,-0.02,-0.36,2.06,2.76
199703,-9.63,-6.64,-3.57,-1.22,-2.15,-9.30,-5.38,-2.28,-2.34,-1.80,-8.02,-3.49,-3.54,-1.76,-2.50,-7.11,-4.36,-3.74,-3.25,-3.76,-5.55,-4.04,-1.23,-4.97,-4.30
199704,-5.25,-3.55,-2.26,-1.85,-2.84,-4.05,-0.53,0.98,1.17,0.23,-1.00,3.04,3.80,2.35,1.77,2.51,1.98,3.35,2.19,1.28,7.85,4.87,5.31,4.63,1.83
199705,12.08,12.35,10.10,8.22,8.07,17.84,12.70,9.67,9.17,8.15,15.57,10.59,7.17,6.50,7.76,9.85,7.20,5.89,7.36,6.87,6.44,6.97,5.06,5.49,5.10
199706,3.67,4.83,6.62,7.70,7.08,3.07,4.95,5.67,5.93,6.87,3.98,3.49,5.35,4.77,6.10,1.90,4.65,4.65,3.80,2.06,4.33,4.87,4.15,4.05,2.35
199707,3.61,5.62,6.31,5.97,5.95,4.84,6.18,4.30,5.57,4.51,5.18,6.80,6.32,6.04,5.79,6.48,8.07,7.32,6.51,5.80,8.01,8.67,9.14,7.36,7.17
199708,5.31,4.83,3.56,3.80,4.53,3.48,2.48,3.52,2.53,3.51,2.34,3.63,0.94,0.16,0.78,-0.10,1.34,-0.32,-1.42,0.26,-7.21,-4.10,-4.49,-5.32,-2.71
199709,10.49,9.51,9.70,8.24,8.83,7.91,7.49,7.96,8.26,5.80,6.85,7.85,7.02,7.43,4.99,5.32,4.62,6.79,5.19,4.45,4.83,5.75,5.63,6.94,6.26
199710,-5.78,-3.42,-3.22,-1.24,-0.81,-6.60,-3.90,-3.75,-2.83,-3.20,-5.82,-4.26,-3.92,-2.52,-2.29,-6.65,-5.75,-2.60,-4.33,-4.44,-2.49,-4.65,-3.14,-0.58,-2.13
199711,-3.84,-2.51,-1.71,-0.07,-0.63,-3.49,-2.10,-0.35,-0.04,-0.30,-3.47,-2.14,2.10,2.23,1.62,1.33,0.63,2.95,2.36,4.43,5.33,6.67,1.56,3.81,2.81
199712,-5.98,-2.78,-0.53,0.84,1.04,-0.75,-1.90,2.94,1.97,3.93,0.71,0.97,2.98,3.45,4.70,-1.37,2.36,2.78,5.58,2.84,0.98,2.44,2.57,3.07,6.13
199801,0.41,-0.84,-1.07,-1.08,-0.81,0.20,-1.90,-1.34,-2.82,-2.06,-0.07,-2.60,-1.50,-3.85,1.04,-1.45,-0.14,-2.27,-0.35,-0.47,3.95,-0.14,-3.33,0.29,-0.28
199802,6.34,6.06,5.72,6.45,6.50,9.01,8.57,8.97,6.90,6.46,9.15,8.71,7.92,8.51,7.37,9.64,7.33,8.03,5.67,5.08,7.51,5.73,8.96,7.88,6.91
199803,5.22,5.73,4.97,4.66,4.99,4.38,6.29,2.89,4.71,4.41,4.26,2.32,5.60,4.25,6.72,3.61,5.55,4.98,4.01,7.41,4.54,5.30,5.28,7.19,7.61
199804,1.99,3.32,3.33,2.74,2.30,-0.32,2.02,0.80,2.85,2.26,1.31,0.40,0.08,0.33,-0.40,-0.49,0.44,0.59,0.32,-0.21,1.15,1.26,2.90,0.98,0.35
199805,-6.34,-6.34,-4.33,-2.69,-2.30,-8.53,-5.76,-5.37,-2.71,-3.06,-7.42,-6.66,-4.60,-3.88,-3.12,-5.34,-2.91,-3.73,-2.07,-3.14,-2.12,-2.14,-2.61,1.64,1.96
199806,-0.50,1.50,-1.67,-1.84,-0.92,1.97,-1.39,-1.27,-1.06,1.77,3.37,-1.96,-1.08,0.16,0.89,0.89,-0.21,0.20,0.68,1.09,7.82,1.13,2.37,3.09,3.04
199807,-7.25,-7.56,-5.77,-6.42,-5.47,-7.52,-8.38,-8.42,-8.30,-7.20,-7.95,-8.06,-7.75,-8.36,-7.18,-5.66,-5.76,-5.84,-4.55,-5.01,-0.12,0.23,-3.57,-4.16,-1.19
199808,-27.18,-22.07,-19.91,-19.25,-17.88,-24.96,-20.54,-17.59,-18.18,-14.61,-23.57,-20.19,-18.72,-16.21,-14.75,-19.96,-20.30,-17.99,-12.86,-8.67,-13.30,-16.81,-17.60,-12.29,-11.11
199809,6.15,4.00,3.85,2.77,1.38,11.66,7.36,5.77,5.01,4.05,11.96,5.53,7.17,4.37,3.62,6.57,6.93,6.22,5.11,7.44,8.42,3.69,4.85,5.29,6.95
199810,3.73,2.09,1.42,2.31,1.51,4.78,5.77,3.16,3.78,1.26,3.84,7.50,5.67,3.22,2.59,8.37,10.49,6.18,3.85,2.64,7.76,10.19,7.76,5.52,5.12
199811,10.24,8.06,6.37,7.89,7.81,9.52,6.28,3.66,5.74,3.18,8.52,6.75,3.80,1.98,3.04,7.66,2.50,3.63,3.97,2.98,7.62,5.97,6.79,3.61,4.40
199812,4.35,2.27,2.75,1.12,1.24,7.25,4.82,3.14,3.99,5.70,11.72,7.07,3.81,4.40,2.79,10.61,3.92,2.64,4.68,1.82,9.15,4.49,1.44,3.00,3.96
199901,8.85,3.65,5.29,3.04,5.07,5.69,0.95,-1.70,-1.21,-1.58,4.10,2.44,-1.09,-4.30,-3.49,1.49,-1.90,-2.16,-3.01,-4.36,6.25,2.91,1.66,-1.96,2.46
199902,-7.82,-7.52,-6.01,-5.68,-5.68,-9.61,-9.25,-6.81,-10.28,-6.90,-9.04,-8.61,-6.18,-6.87,-4.96,-5.31,-3.70,-3.05,-3.64,-2.36,-5.13,-0.78,0.40,-0.35,-3.45
199903,-3.53,-5.36,-1.78,-3.80,-2.93,1.02,-0.62,0.58,-1.45,-2.00,3.89,3.84,1.73,-1.48,-0.60,3.56,2.19,3.64,-0.22,0.34,4.96,1.47,6.67,3.72,0.88
199904,7.76,7.63,13.21,10.53,9.04,10.32,8.19,9.31,9.08,7.67,7.39,12.98,10.69,9.47,8.24,6.57,10.60,9.57,9.02,11.19,-0.27,7.73,9.00,7.55,6.23
199905,2.19,3.75,0.83,2.77,5.36,1.33,3.04,0.46,3.67,5.22,-0.17,-0.84,1.30,1.33,4.46,3.12,-0.49,1.97,0.83,1.54,-3.56,-1.07,-2.37,1.70,-0.75
199906,6.70,7.97,7.81,6.09,6.45,7.99,9.00,4.21,6.14,5.92,4.43,4.43,3.81,3.02,3.72,7.34,8.84,3.07,3.66,1.54,6.72,5.08,3.76,-1.61,-1.67
199907,0.99,2.18,0.75,2.01,1.61,-2.21,-0.93,-1.10,-2.64,-3.48,-2.80,-1.89,-2.66,-1.01,0.26,-2.83,-2.56,-0.67,-0.94,-0.89,-3.14,-4.04,-2.10,-4.25,-5.30
199908,-2.52,-1.73,-2.67,-1.82,-3.55,-4.15,-4.53,-2.75,-3.75,-3.43,-2.00,-5.71,-4.58,-3.04,0.51,-1.99,-4.62,-3.69,-1.79,-4.31,0.77,-3.92,-1.63,-1.55,-0.51
199909,1.92,-0.61,-0.75,-3.06,-4.33,-0.11,1.60,-0.91,-3.15,-0.81,3.36,1.23,-1.94,-4.45,-2.50,2.10,-4.09,-3.81,-4.56,-1.85,-1.98,-3.52,-6.53,-7.58,-7.12
199910,-0.40,0.62,-1.25,-1.24,-2.82,2.54,-0.17,-0.02,-2.63,-5.49,2.91,-0.97,-0.70,-0.36,-0.43,8.28,1.30,2.08,2.61,4.79,6.93,9.72,4.46,3.69,5.98
199911,19.69,11.13,10.85,6.23,6.67,12.03,7.19,7.07,1.71,2.95,12.39,5.28,-0.61,-0.82,0.60,11.64,-0.33,-1.24,0.15,1.42,4.48,-0.70,-1.77,-6.16,-3.92
199912,24.18,24.70,10.61,8.46,8.32,17.20,10.94,7.15,1.15,7.52,16.81,7.04,1.25,2.58,3.92,20.83,3.48,3.01,5.20,4.39,8.16,1.50,2.64,0.17,-1.81
200001,9.93,6.04,2.54,5.31,4.38,1.04,-3.58,-0.41,-0.41,-4.34,-3.73,-3.89,-3.51,-2.75,-4.89,-3.70,-3.45,-4.30,-3.32,-8.04,-5.03,-4.21,-1.67,-5.84,0.99
200002,39.78,38.62,27.21,19.74,14.01,27.19,17.03,8.49,9.57,11.18,24.48,8.49,2.60,-1.23,-0.80,26.02,0.20,-0.66,4.12,-6.73,0.59,-5.31,-7.92,-11.19,-9.11
200003,-14.22,-19.79,-8.62,-2.90,-3.03,-13.67,-4.18,-1.87,-0.99,0.36,-14.40,4.88,10.38,5.67,11.70,-3.33,12.12,16.12,9.40,12.62,9.61,10.07,9.87,14.94,7.72
200004,-23.54,-16.62,-12.18,-7.93,-10.46,-13.09,-8.08,-3.89,-0.48,-4.07,-9.72,0.78,-1.85,3.46,0.25,-7.31,-2.16,1.59,1.24,1.60,-4.51,-3.23,-0.22,5.90,9.97
200005,-13.98,-7.39,-7.18,-7.49,-7.47,-10.16,-6.12,-5.44,-4.89,-0.98,-4.72,-3.39,-2.59,-0.97,2.59,-7.51,0.11,-3.56,2.84,-1.05,-3.83,1.62,2.19,-0.63,-2.92
200006,29.58,26.47,17.57,18.70,8.15,15.36,9.42,5.52,5.48,6.09,14.87,0.87,0.86,-1.57,2.41,10.91,3.77,-4.72,-0.95,-5.75,6.13,-5.68,-6.10,-7.71,-8.83
200007,-8.45,-1.83,0.91,1.65,1.46,-7.71,-0.57,1.17,1.79,0.65,-10.21,-0.25,3.43,3.53,8.52,-7.28,-0.76,2.44,4.10,2.96,-3.00,1.13,4.09,6.38,3.21
200008,9.33,7.83,4.77,5.75,4.51,8.04,3.88,5.33,5.85,6.90,8.54,9.88,5.82,8.86,3.88,13.59,6.12,5.32,7.41,6.81,7.34,8.09,9.39,4.24,8.68
200009,-10.51,-1.42,-2.63,-0.18,-0.79,-4.79,-2.74,0.01,0.31,-4.08,-10.12,-2.63,1.12,1.90,-0.35,-9.08,-0.74,-1.54,1.58,0.55,-6.19,-1.54,2.20,8.35,-0.49
200010,-12.03,-9.53,-3.59,-5.45,-4.32,-8.75,-1.79,-0.86,0.48,-1.67,-10.14,-2.55,0.13,-0.05,3.49,-5.52,1.93,3.01,0.45,-0.77,-2.06,0.82,-3.78,1.14,3.13
200011,-20.83,-12.26,-5.38,-4.71,-4.62,-18.26,-6.16,-3.92,-2.52,-4.25,-19.53,-8.42,-3.42,0.43,2.73,-17.84,-2.26,0.41,1.84,1.20,-10.51,-6.48,-7.08,-0.24,-2.61
200012,-9.78,0.88,1.89,3.05,2.95,0.04,7.84,13.12,10.92,11.22,2.29,13.12,12.81,15.21,5.57,4.38,9.48,11.73,11.50,12.48,-1.44,8.86,8.07,7.32,2.13
200101,27.37,17.70,12.89,11.52,13.41,14.35,8.68,3.95,4.46,6.52,12.68,3.10,0.12,-3.26,5.65,7.15,1.72,-0.54,-2.37,-0.97,3.23,2.95,5.87,-1.95,-1.65
200102,-13.79,-8.06,-1.84,0.45,-0.12,-13.48,-3.03,-1.31,-0.71,2.39,-16.83,-4.84,1.18,0.83,0.74,-14.66,-2.21,-0.73,1.15,0.88,-12.01,-3.46,-1.86,3.27,4.09
200103,-11.95,-1.38,-0.59,-0.97,-1.49,-6.22,-0.44,-1.59,-2.35,-0.70,-11.56,-4.99,-3.59,-2.52,0.84,-11.28,-3.20,-1.81,-1.52,-0.04,-8.58,-2.90,0.51,-3.30,-1.52
200104,8.86,6.91,2.77,4.33,5.94,10.96,5.33,6.81,4.12,5.47,11.39,9.52,5.42,4.05,5.89,16.05,7.14,5.04,8.98,6.87,9.07,5.29,3.03,4.35,3.72
200105,12.92,11.59,8.12,12.58,10.17,2.73,2.94,3.44,4.58,5.08,4.59,0.82,2.04,0.99,1.81,3.22,4.71,2.17,2.37,2.27,0.15,1.29,1.72,0.43,4.70
200106,2.27,3.14,4.23,3.10,0.10,7.00,11.17,5.72,6.42,3.02,5.35,-1.66,2.96,0.65,-2.38,3.83,-0.66,-1.24,-5.20,1.39,-2.14,-3.65,-0.72,-0.96,-1.63
200107,-9.50,-7.52,-0.37,-0.22,-0.51,-9.93,-7.79,-5.93,-2.70,-4.16,-9.21,-4.42,-2.40,0.25,-0.49,-4.92,-1.93,1.62,0.39,1.50,-1.55,0.01,-2.53,-2.71,3.60
200108,-8.42,-5.14,-2.93,-1.29,-0.97,-9.66,-5.28,-1.42,-1.84,-1.10,-7.43,-3.01,-3.02,-1.17,-0.86,-7.47,-4.11,-3.38,-2.00,-7.08,-7.26,-4.32,-4.42,-5.16,-7.96
200109,-16.71,-14.59,-9.43,-9.71,-13.73,-19.43,-14.83,-12.81,-14.69,-17.23,-15.37,-14.44,-11.03,-12.17,-18.96,-16.10,-12.55,-11.04,-13.64,-13.27,-7.32,-9.34,-8.50,-5.68,-5.88
200110,8.96,8.34,6.55,4.37,4.15,11.18,8.76,4.83,3.04,3.98,13.58,7.32,2.71,4.07,9.94,8.82,2.93,1.32,2.87,2.96,3.37,-1.05,0.34,-0.59,-10.11
200111,7.39,8.98,4.88,6.25,6.81,10.94,7.57,6.82,9.83,11.65,9.42,7.38,6.92,8.50,11.63,10.59,8.81,7.42,9.21,7.83,7.98,7.20,5.51,6.24,13.42
200112,12.32,6.58,6.04,5.74,7.46,8.04,5.97,6.81,7.67,8.08,5.34,6.21,6.52,5.86,6.72,3.62,4.62,6.89,4.71,3.20,0.11,2.23,2.74,0.47,2.05
200201,-7.66,0.24,1.96,3.60,5.11,-6.16,-2.48,0.84,0.79,1.45,-5.01,-1.41,-0.76,1.47,3.94,-3.12,-1.80,1.81,2.21,-1.40,-0.66,-1.79,-3.19,0.18,-4.44
200202,-9.99,-6.29,-2.92,-1.50,-3.53,-9.95,-4.54,-0.57,0.75,-0.14,-7.32,-1.06,0.77,0.10,2.69,-4.76,1.53,1.49,-1.64,3.50,-2.76,0.68,0.78,-5.28,-6.85
200203,5.72,9.80,6.88,8.29,9.73,8.77,8.17,8.04,8.65,12.37,8.18,6.49,7.47,7.78,9.49,6.48,7.13,5.48,5.67,6.86,3.00,5.40,5.01,6.89,3.48
200204,-8.84,-0.27,1.81,4.23,5.61,-4.86,0.99,3.88,3.84,5.02,-4.71,1.14,2.02,0.55,-1.10,-3.23,0.19,0.10,-2.05,1.82,-7.80,-3.30,-0.85,-2.01,-12.37
200205,-7.00,-5.47,-1.20,0.74,0.09,-7.68,-5.02,-4.07,-3.67,-5.71,-6.00,-3.43,-2.94,-2.31,-3.17,-3.10,-0.03,-1.09,-1.10,0.93,-1.27,0.17,0.50,-0.30,-1.84
200206,-8.58,-6.30,0.33,-0.37,-0.65,-8.42,-4.47,-2.28,-0.65,-4.01,-7.33,-7.07,-6.32,-3.84,-7.48,-9.46,-6.96,-7.49,-5.73,-8.33,-7.51,-4.67,-7.22,-6.43,-14.85
200207,-19.08,-16.42,-13.32,-10.60,-12.82,-16.02,-16.84,-14.00,-15.17,-21.13,-7.78,-9.33,-11.45,-13.99,-16.18,-10.03,-8.59,-9.88,-12.99,-14.57,-5.26,-8.86,-9.08,-9.53,-12.34
200208,0.69,-2.01,-1.20,-0.91,-2.59,0.44,0.42,-0.19,1.03,-0.49,-0.53,0.42,2.77,1.82,4.15,-1.08,0.36,-0.59,1.49,4.14,0.21,0.40,1.34,3.17,6.06
200209,-10.55,-8.04,-7.01,-6.53,-7.89,-8.19,-7.56,-5.27,-8.23,-8.09,-7.96,-9.26,-8.57,-7.27,-9.82,-8.57,-9.20,-11.66,-12.82,-17.47,-10.62,-11.83,-9.45,-7.61,-8.45
200210,5.17,5.19,2.67,1.63,0.95,9.60,2.95,3.49,1.20,-2.42,6.47,4.05,4.71,2.79,1.00,7.05,4.97,5.36,2.04,3.09,10.43,8.48,5.32,3.88,6.07
200211,17.49,13.31,9.09,7.83,10.01,14.26,9.35,6.59,6.53,7.37,10.03,7.55,6.35,6.55,9.15,9.74,7.46,9.65,8.33,11.88,4.93,5.09,6.11,4.65,8.16
200212,-10.40,-5.19,-4.33,-1.90,-2.56,-10.55,-7.00,-4.05,-2.56,-2.72,-7.75,-3.68,-3.68,-2.69,-5.80,-7.15,-5.19,-4.73,-2.59,-0.15,-6.93,-3.92,-4.52,-2.82,-6.80
200301,-0.70,-0.55,-1.76,0.71,-0.28,-3.28,-3.99,-2.14,-2.63,-1.67,-1.75,-3.65,-3.39,-4.35,-3.30,-1.48,-2.78,-0.13,-2.08,-6.32,-2.68,-2.58,-2.61,-2.56,-7.37
200302,-6.22,-2.52,-1.66,-2.13,-2.35,-2.91,-1.19,-2.54,-2.93,-7.35,-3.74,-0.71,-2.34,-3.97,-3.26,-2.19,-2.60,-1.44,-1.40,-6.35,-0.68,-2.63,-4.82,-3.24,-4.49
200303,3.15,0.25,1.27,1.34,-0.62,2.85,0.03,0.35,1.72,0.22,2.89,0.37,0.08,1.57,0.36,1.39,-0.43,-0.39,2.06,-2.44,2.34,-1.12,1.47,0.75,-2.55
200304,12.31,11.02,7.78,7.22,10.08,10.60,9.66,9.10,9.05,9.69,8.94,8.47,9.23,12.15,10.78,8.88,7.79,8.20,9.98,7.75,7.86,7.56,9.84,7.57,12.19
200305,20.01,14.58,10.77,9.27,12.34,12.13,12.39,10.20,8.44,11.92,8.97,8.42,9.33,10.02,9.00,9.89,9.75,9.83,8.83,9.30,3.85,7.28,6.58,6.69,7.48
200306,5.53,6.08,4.54,3.83,6.30,1.77,0.07,1.50,2.33,4.08,2.47,2.03,0.64,0.20,3.43,1.35,0.61,0.24,-0.69,5.99,1.07,2.18,1.10,0.25,1.24
200307,8.69,8.07,8.53,8.91,7.83,9.52,5.10,6.20,7.02,7.35,8.29,4.77,1.47,3.80,2.36,4.40,3.29,4.36,5.02,0.14,1.76,3.35,0.24,-0.73,0.33
200308,4.22,4.87,3.51,5.60,7.01,4.30,4.10,4.96,4.84,5.43,4.66,3.86,4.56,7.89,8.85,4.88,4.31,3.98,5.30,6.96,1.69,1.54,0.94,2.09,2.69
200309,2.96,0.44,0.49,2.86,4.66,-1.40,-2.80,-2.12,-4.14,-0.50,-2.46,-2.75,-1.75,-2.25,-1.02,-1.66,-2.63,-0.26,-0.86,0.41,-0.74,-0.87,-1.91,-2.24,-2.90
200310,6.07,8.13,8.61,10.75,11.44,9.85,7.14,7.63,9.71,10.40,9.04,7.60,6.89,8.58,12.47,8.21,9.26,7.50,8.26,8.04,4.16,6.96,8.10,5.52,3.08
200311,2.66,4.28,4.09,3.97,7.11,1.76,4.22,2.78,3.97,4.19,3.06,4.10,2.36,4.95,2.87,1.36,3.03,4.33,3.79,2.69,0.65,1.21,0.98,0.43,3.11
200312,0.02,2.40,3.59,1.56,4.35,1.47,2.41,2.41,2.05,4.92,-0.92,2.29,3.75,3.62,7.15,0.35,3.66,2.46,3.71,5.86,3.93,6.27,5.17,6.43,8.24
200401,6.06,5.93,5.89,6.62,8.55,4.17,3.02,4.24,4.52,5.00,3.39,2.25,1.08,4.03,6.01,2.38,2.04,2.53,3.45,2.51,1.63,1.52,2.29,1.70,2.01
200402,0.19,0.00,0.30,1.11,-0.08,0.59,1.88,0.41,-0.33,1.28,0.43,2.23,4.11,1.71,0.67,2.30,1.04,3.72,3.15,2.31,0.69,2.49,2.31,0.47,3.85
200403,-1.57,-0.88,0.08,0.12,-0.73,2.38,0.94,-0.06,1.15,1.78,2.11,0.40,0.23,0.76,0.39,-0.32,-0.07,0.37,0.18,-1.74,-2.14,-1.42,-1.30,0.23,-1.80
200404,-4.24,-4.66,-3.83,-4.55,-6.22,-4.65,-4.09,-2.46,-4.51,-7.35,-2.49,-3.02,-3.20,-5.31,-5.66,-2.35,-4.16,-2.62,-3.45,-3.36,0.03,-1.99,-3.37,-2.60,0.47
200405,-2.13,-0.48,-0.12,-0.52,0.95,2.01,1.37,1.10,1.55,3.25,1.55,2.89,1.86,1.16,2.16,1.52,2.04,2.23,1.94,2.94,1.69,0.80,-0.06,-0.21,0.43
200406,1.19,4.72,3.62,3.63,4.21,2.71,5.62,5.86,4.74,9.08,1.97,4.48,3.04,1.59,5.23,1.17,3.01,2.32,2.86,4.84,1.16,1.84,1.19,2.16,2.84
200407,-12.77,-8.13,-5.91,-5.73,-3.87,-9.56,-7.36,-4.27,-5.81,-3.25,-9.02,-6.06,-3.59,-1.67,-3.96,-6.73,-4.81,-5.28,-5.69,-0.15,-4.67,-2.30,-1.86,-0.78,-1.50
200408,-1.25,-1.08,-0.98,-1.53,-2.05,-4.62,-1.69,0.76,0.16,0.87,-2.17,-1.18,0.66,0.07,-1.24,-1.11,-0.99,0.09,-0.42,1.12,-0.45,1.86,0.92,0.87,0.50
200409,5.06,4.61,5.02,4.25,3.65,7.71,4.95,5.71,4.59,4.11,4.34,3.54,4.03,3.89,2.82,2.91,3.18,4.60,3.77,2.35,0.12,1.14,2.94,1.26,3.00
200410,1.95,2.17,2.82,0.31,0.59,3.24,2.97,0.88,1.13,2.78,2.49,4.32,1.26,-0.09,1.70,3.48,3.15,2.59,0.31,-0.10,1.38,0.94,2.05,0.23,3.26
200411,10.50,8.72,8.04,7.16,10.66,7.54,8.73,9.13,9.89,11.60,5.47,6.61,7.33,8.46,8.98,5.17,6.34,7.48,10.19,7.56,2.46,5.44,4.46,4.44,5.62
200412,5.16,4.75,3.23,3.85,6.27,3.88,3.22,2.06,2.53,3.76,5.50,4.20,1.84,2.20,3.57,4.19,4.60,4.46,3.10,3.16,3.73,3.25,1.42,4.03,3.74
200501,-6.31,-4.44,-3.10,-3.62,-1.19,-5.68,-3.29,-3.03,-2.45,-3.21,-3.49,-3.61,-3.47,-0.51,-2.42,-2.82,-4.51,-1.98,-2.74,-1.18,-3.32,-1.42,-0.56,-2.37,-1.13
200502,-1.66,-0.08,-0.05,1.98,3.10,2.36,0.89,3.13,5.11,2.87,0.83,2.00,3.27,3.67,2.72,2.17,1.36,3.55,5.08,3.78,0.48,4.36,3.63,0.77,4.30
200503,-5.70,-2.87,-3.07,-2.26,-2.80,-4.04,-2.21,-1.93,-0.43,-2.72,-1.94,-2.28,-2.04,-3.89,0.37,-1.68,0.08,-0.46,-2.57,-0.64,-1.04,-3.74,-1.71,-0.82,0.59
200504,-5.90,-6.26,-5.05,-7.13,-6.52,-7.16,-6.40,-5.49,-6.73,-5.84,-5.40,-3.80,-5.47,-5.19,-3.91,-3.90,-4.03,-4.67,-4.05,-2.23,-0.92,-2.06,-3.50,-0.35,-2.71
200505,6.88,6.13,4.74,3.35,5.91,9.60,7.09,7.15,6.30,6.16,5.94,6.28,5.45,4.41,6.37,6.09,5.51,6.93,5.49,4.92,3.90,2.49,2.69,1.63,3.12
200506,3.62,3.56,4.55,4.91,5.11,2.40,4.28,5.03,4.33,4.30,2.04,2.29,3.36,3.54,3.81,1.18,1.87,4.71,3.36,3.25,-1.64,0.91,1.14,2.04,2.62
200507,7.96,7.28,6.99,6.69,7.59,6.35,6.54,7.63,6.51,6.89,4.41,5.98,6.78,5.87,3.96,6.13,5.24,5.21,7.60,4.17,4.66,2.00,2.79,2.50,5.14
200508,-2.43,-0.77,-0.44,-1.71,-0.59,-2.19,-1.90,-1.47,-1.55,-1.61,-2.49,-0.39,-0.73,-1.56,-0.51,-1.68,-0.01,-0.79,-0.19,-0.01,-1.68,-0.81,-0.02,-0.76,1.36
200509,1.12,1.36,0.64,0.86,-1.13,0.31,1.52,-0.04,1.34,0.43,-0.69,1.45,1.33,0.26,0.25,0.25,1.04,-0.33,4.65,1.96,-0.52,1.37,1.39,1.16,3.11
200510,-4.04,-2.60,-2.47,-2.19,-2.83,-3.81,-1.89,-3.53,-2.11,-3.67,-3.18,-4.34,-1.12,-3.32,-4.27,-1.18,-2.31,-3.51,-4.39,-4.32,-0.25,-2.42,-0.78,-0.29,-4.58
200511,4.98,4.77,4.86,3.96,3.24,5.96,3.27,4.72,6.19,2.45,7.22,5.76,5.10,4.11,1.38,5.61,4.96,4.54,4.03,2.35,3.82,3.96,3.74,4.02,0.59
200512,-0.43,0.29,-0.63,0.60,0.60,-0.09,-1.17,0.01,0.16,-1.40,0.44,1.04,0.69,0.54,1.07,0.13,2.07,1.13,1.17,1.77,-0.97,0.24,1.12,0.20,0.11
200601,11.50,9.50,8.33,7.96,8.47,7.28,8.20,10.24,9.70,8.21,5.42,8.50,8.72,5.59,5.61,5.17,5.33,4.88,4.07,4.22,1.30,1.46,2.52,3.30,7.04
200602,-0.57,1.26,-0.27,-0.98,0.48,-0.05,-0.51,-0.09,-0.71,-1.66,0.42,-0.97,0.10,-2.55,-0.41,0.73,-0.25,0.54,-2.02,0.29,-0.17,0.55,0.45,2.13,-2.89
200603,3.96,5.50,4.42,5.59,6.89,3.84,4.52,6.22,5.87,3.88,4.59,4.42,3.24,1.98,2.60,3.89,1.96,3.36,1.16,2.00,0.79,1.70,1.68,0.95,1.04
200604,-1.38,-1.36,0.57,0.66,1.96,-0.70,0.57,2.50,0.81,2.08,-1.32,0.37,0.59,1.82,1.92,0.04,0.01,1.12,5.16,1.91,-0.77,2.39,2.61,2.10,3.56
200605,-9.26,-5.86,-3.68,-4.74,-4.24,-6.32,-6.18,-3.66,-5.47,-2.72,-6.02,-5.46,-4.12,-2.75,-2.49,-5.47,-3.06,-2.76,-2.65,-1.80,-2.83,-2.75,-2.83,-1.59,-1.07
200606,-1.04,-0.90,-1.04,-0.24,0.00,-0.37,1.04,0.22,0.82,0.17,-1.13,0.10,-0.89,0.49,-0.29,-0.38,-1.94,0.45,-2.09,1.08,0.19,-0.85,0.16,1.10,2.91
200607,-5.83,-3.45,-3.23,-2.56,-2.42,-4.91,-4.72,-2.53,-3.25,-1.90,-5.87,-3.73,-3.69,-1.79,-1.66,-4.70,-3.36,-2.24,-3.68,-0.33,-1.34,2.39,1.72,2.24,1.16
200608,3.62,1.93,2.91,3.05,2.40,3.60,2.85,2.58,4.73,1.01,2.89,1.89,2.13,3.06,1.48,1.74,2.66,0.60,4.05,2.15,4.03,2.07,3.28,-0.45,0.70
200609,-0.14,0.60,-0.06,0.97,1.81,0.75,2.19,0.69,1.82,0.53,2.40,0.00,1.83,0.57,0.27,2.60,2.57,1.24,0.51,0.62,3.00,1.96,3.37,0.99,4.31
200610,7.08,6.14,5.68,4.69,5.42,6.08,5.45,5.10,4.11,5.01,5.60,4.64,2.68,4.37,5.72,4.16,4.88,2.82,3.51,3.33,2.99,3.34,2.50,3.47,5.76
200611,1.16,2.96,1.92,2.01,2.96,1.70,3.08,2.99,3.46,2.56,4.24,3.81,3.57,4.25,4.13,3.57,4.28,3.42,2.22,4.85,0.88,2.51,1.59,2.93,-0.14
200612,0.10,1.05,1.25,2.63,3.73,-2.13,0.12,0.40,0.81,1.08,-1.01,0.19,0.60,1.28,0.44,-1.12,0.51,0.25,1.50,1.77,-0.06,2.13,2.36,2.36,3.65
200701,1.54,0.38,0.07,0.13,4.12,2.09,1.80,0.83,0.89,2.97,3.95,2.10,2.30,4.18,1.31,4.22,3.88,1.43,3.87,1.74,2.13,0.98,0.76,1.20,3.04
200702,-0.65,-0.74,-0.81,-0.98,0.31,-1.07,0.10,-0.77,-0.90,0.59,0.54,1.10,0.65,-0.12,1.00,-0.80,0.63,0.22,0.52,0.68,-2.39,-1.39,-3.84,-0.75,-2.85
200703,0.34,-0.01,1.34,0.97,0.73,0.75,1.43,-0.39,1.89,-1.34,2.81,1.78,2.22,1.68,0.98,0.77,0.97,0.28,1.06,3.39,0.32,1.49,0.94,1.98,1.92
200704,3.20,0.49,0.37,-0.04,2.12,1.91,2.51,1.64,0.79,2.32,2.97,3.85,4.65,3.66,2.42,4.25,4.26,3.91,5.68,3.16,5.44,3.97,3.93,3.32,3.15
200705,1.89,3.68,2.52,3.27,3.01,3.43,4.48,3.47,2.37,3.18,6.83,5.09,6.34,3.50,3.74,4.20,3.80,4.15,5.11,2.61,2.50,3.90,3.43,3.60,5.65
200706,0.39,-0.20,-0.90,-0.76,0.39,-1.52,-0.87,-2.06,-1.85,-2.55,-0.82,-0.44,0.16,-1.64,-3.07,-0.85,-1.90,-3.70,-1.34,-2.88,-1.62,-0.10,-3.43,-1.98,-2.01
200707,-5.71,-6.25,-6.75,-7.26,-7.76,-5.02,-5.24,-5.77,-7.59,-9.17,-3.04,-2.98,-6.03,-6.40,-6.20,-2.35,-5.07,-5.89,-6.32,-5.98,-1.17,-1.92,-4.38,-5.87,-3.37
200708,0.60,0.97,1.90,-0.26,-3.10,2.81,2.07,3.24,2.71,-1.37,-0.28,2.35,0.66,-0.06,-3.58,1.42,0.09,-0.96,-2.06,-0.53,1.43,2.60,3.07,1.29,-0.73
200709,2.30,1.99,0.66,0.35,-1.11,3.04,1.48,0.54,0.21,0.17,3.77,2.55,2.41,1.73,1.12,3.33,2.04,2.29,1.39,1.46,5.11,3.97,2.44,2.84,4.31
200710,3.40,0.41,0.57,-0.63,-0.54,3.63,3.87,0.31,1.75,1.57,4.38,1.32,4.23,2.52,3.34,2.64,2.67,1.17,2.63,-0.85,3.90,2.18,-0.89,2.42,0.42
200711,-9.40,-8.52,-7.99,-7.88,-9.56,-6.90,-7.49,-6.14,-5.99,-8.67,-6.59,-5.35,-7.01,-5.26,-4.88,-4.08,-4.14,-7.94,-7.17,-5.04,-3.38,-3.00,-6.23,-2.58,-5.74
200712,-1.71,1.10,-0.82,-1.14,-1.16,1.68,0.32,0.39,-0.43,-0.10,-2.00,-2.26,-0.18,-1.07,0.29,-0.66,0.13,-2.34,0.28,-2.99,-0.78,-0.40,-1.09,-0.59,0.89
200801,-10.60,-8.58,-6.87,-5.18,-4.07,-9.16,-7.76,-6.82,-2.73,-3.76,-6.29,-5.57,-6.88,-4.68,-5.00,-6.88,-6.66,-4.72,-2.22,-5.58,-8.05,-5.48,-3.84,-2.93,-6.15
200802,-6.04,-3.34,-4.83,-3.28,-3.35,-4.74,-1.24,-2.38,-2.22,-4.71,-3.33,-2.37,-0.81,-1.80,-2.06,-1.63,-1.33,-2.57,-2.88,-4.99,-2.18,-3.20,-3.94,-5.16,-2.39
200803,-4.20,-0.59,1.80,0.42,-0.72,-0.92,1.42,1.46,0.98,1.97,-3.19,0.61,-1.21,-1.65,-0.17,-0.49,-1.95,-2.96,-2.76,-1.70,0.68,0.94,-4.17,-3.77,0.69
200804,3.45,3.40,0.57,0.64,0.81,3.42,3.29,3.15,2.07,2.30,7.24,6.10,9.35,9.84,8.21,5.99,7.14,6.13,5.34,4.55,4.45,2.24,5.83,5.52,6.36
200805,5.70,3.33,3.43,1.86,3.02,7.21,4.77,7.32,3.78,4.02,3.80,3.46,7.80,5.37,5.53,4.21,5.46,2.35,4.91,4.27,3.17,-0.39,-2.11,0.74,3.75
200806,-6.32,-9.23,-10.21,-8.15,-9.19,-8.00,-7.42,-6.28,-8.99,-7.73,-7.35,-8.76,-5.68,-6.84,-5.07,-7.87,-8.45,-10.49,-5.74,-11.30,-6.82,-7.99,-11.43,-11.10,-8.11
200807,5.23,4.51,4.90,7.65,1.93,1.91,4.25,3.06,4.38,8.60,-0.24,0.95,1.59,-1.28,5.14,-0.02,-2.28,-7.46,-3.34,-2.48,-0.39,-1.58,-3.04,0.56,3.64
200808,1.41,2.87,2.79,4.37,6.43,4.29,4.78,4.29,5.40,12.19,2.99,3.41,4.06,2.12,5.46,0.91,1.97,2.51,3.94,-1.03,1.51,1.23,0.41,-0.21,2.99
200809,-13.09,-8.41,-7.35,-5.48,-5.67,-8.79,-8.48,-5.78,-6.27,-6.76,-14.42,-10.80,-7.11,-8.20,-5.86,-12.92,-13.64,-14.49,-10.96,-9.52,-10.36,-7.19,-6.42,-6.80,-14.09
200810,-23.39,-19.99,-17.64,-15.13,-23.77,-22.69,-20.82,-18.64,-22.99,-19.96,-22.76,-18.34,-17.50,-19.85,-20.17,-20.19,-21.53,-26.31,-21.02,-19.64,-15.87,-13.88,-15.15,-19.32,-19.13
200811,-12.87,-12.75,-12.99,-11.59,-16.55,-11.10,-10.72,-10.60,-10.19,-17.01,-11.38,-11.71,-8.96,-8.49,-5.50,-8.05,-9.71,-7.69,-10.18,-14.75,-8.62,-2.40,-7.16,-10.63,-6.96
200812,3.62,4.73,5.17,3.57,3.74,4.52,3.59,6.95,6.12,7.88,7.26,3.98,3.05,-1.41,9.62,4.20,6.67,4.83,0.75,2.77,2.21,0.87,0.23,-1.24,3.14
200901,-6.31,-8.44,-10.64,-15.67,-15.18,-6.91,-7.35,-11.43,-13.23,-19.14,-6.54,-8.17,-9.77,-6.01,-15.98,-3.92,-6.67,-7.66,-8.67,-15.31,-3.52,-8.95,-10.04,-14.71,-10.07
200902,-11.33,-10.58,-11.69,-13.82,-14.90,-9.47,-9.49,-11.01,-14.31,-22.74,-6.36,-10.06,-9.66,-13.92,-11.04,-6.18,-9.04,-11.53,-12.09,-17.68,-6.99,-10.12,-13.58,-13.50,-12.08
200903,9.15,13.60,9.63,8.63,10.31,8.32,11.05,10.17,7.43,12.67,9.20,8.71,11.30,9.13,11.05,8.43,9.77,8.51,8.18,10.18,9.82,5.59,11.64,9.15,7.21
200904,18.84,15.63,15.34,15.56,18.78,15.93,16.46,16.32,15.48,19.14,13.69,18.48,13.85,15.34,14.97,10.54,13.93,18.74,12.69,20.83,8.00,6.31,10.87,11.15,17.57
200905,5.95,6.95,4.08,2.91,4.65,3.75,3.69,2.28,1.93,3.56,4.34,0.47,4.35,0.82,-0.26,3.44,2.89,5.11,7.05,4.87,4.88,5.52,6.63,6.50,-0.24
200906,8.10,4.40,4.00,2.07,3.07,6.19,1.83,0.93,-3.38,0.79,2.00,0.45,-1.54,0.78,0.69,1.79,1.15,-2.01,-0.96,0.19,1.72,-1.17,-0.85,-1.15,5.03
200907,8.16,7.15,9.45,9.88,14.03,6.66,7.47,12.08,11.54,13.40,6.91,8.99,10.28,13.17,15.10,7.60,8.06,8.06,13.13,9.81,6.08,9.01,7.64,9.26,7.48
200908,2.83,1.57,4.14,3.99,11.38,0.15,0.90,3.10,3.66,10.22,0.71,1.26,3.81,5.53,11.08,2.44,3.42,3.83,4.51,16.43,1.38,4.43,2.51,5.81,13.04
200909,5.26,6.10,5.00,5.99,9.47,8.68,5.93,7.68,4.93,8.61,6.33,4.54,6.20,7.74,8.54,6.78,6.53,5.02,5.91,9.24,3.34,3.05,3.99,4.17,2.13
200910,-10.91,-7.20,-6.88,-7.90,-8.77,-7.40,-5.32,-7.02,-8.44,-10.86,-4.80,-4.50,-5.43,-5.05,-10.30,-3.81,-4.43,-3.99,-6.06,-6.82,0.10,-1.04,-2.62,-3.97,-8.55
200911,-0.22,-0.09,2.81,2.01,0.88,2.90,0.72,2.45,3.06,5.76,3.03,4.15,1.14,6.66,6.73,4.80,4.40,4.22,3.97,4.99,7.12,5.76,4.57,5.37,4.75
200912,5.69,8.73,6.86,8.45,10.63,9.84,9.40,9.18,7.78,9.22,6.85,7.57,7.01,7.06,8.30,5.84,5.80,6.96,7.73,5.00,1.10,2.11,2.38,2.77,-0.82
201001,-4.41,-5.23,-3.75,-3.30,-0.87,-2.62,-2.97,-1.63,-1.90,-4.22,-3.83,-3.37,-3.66,-4.49,-1.60,-4.20,-4.06,-4.84,-2.99,-1.63,-3.72,-4.12,-1.15,-5.00,-2.10
201002,3.78,3.70,5.14,4.50,8.03,2.78,2.85,3.59,5.82,5.30,4.09,4.51,4.17,7.13,8.78,5.55,5.86,5.95,4.03,5.23,2.44,3.55,2.10,4.30,6.13
201003,7.04,7.47,7.22,7.86,10.02,7.32,7.97,8.17,7.37,11.46,9.28,6.90,8.39,8.92,6.82,8.14,7.24,7.86,5.81,11.26,5.15,5.60,5.82,7.18,7.71
201004,6.23,6.16,7.46,9.64,12.56,3.61,4.76,5.32,6.91,8.04,2.82,5.04,4.12,4.89,7.73,4.36,2.97,3.14,6.84,5.13,0.42,1.94,1.95,-0.01,0.75
201005,-7.97,-5.59,-7.22,-9.21,-10.27,-5.61,-6.50,-7.71,-8.97,-10.45,-6.43,-6.55,-7.03,-8.98,-9.99,-5.82,-7.13,-8.00,-6.39,-9.79,-7.50,-8.15,-8.57,-7.89,-10.03
201006,-5.90,-7.48,-7.41,-7.30,-12.17,-5.66,-4.96,-8.17,-9.26,-13.13,-5.71,-6.15,-6.74,-8.66,-10.73,-4.39,-7.07,-7.48,-7.36,-9.87,-4.02,-7.30,-2.94,-5.99,-11.20
201007,6.24,5.23,7.18,5.62,6.79,6.60,8.41,5.55,7.60,6.97,6.53,7.13,5.53,7.73,8.52,6.91,6.17,8.71,8.89,6.48,7.16,5.54,8.57,7.16,5.94
201008,-8.84,-7.73,-9.54,-8.97,-9.63,-5.46,-8.96,-7.49,-6.82,-9.01,-4.41,-6.06,-7.55,-6.76,-6.18,-4.31,-3.87,-7.61,-3.04,-5.21,-3.99,-4.70,-3.72,-3.58,-8.36
201009,10.99,11.88,13.61,11.16,10.30,14.76,15.24,12.84,10.95,10.97,13.06,14.39,12.25,11.32,10.55,12.29,10.53,11.63,7.43,9.38,10.29,8.33,7.49,8.04,6.52
201010,6.30,5.69,5.36,4.51,3.40,4.11,4.02,3.32,3.05,3.67,4.49,4.10,3.85,3.33,4.24,2.84,4.60,4.19,3.22,0.28,4.96,4.58,4.02,1.57,1.16
201011,1.89,3.34,5.08,3.82,3.87,3.14,4.67,2.40,3.28,4.76,4.43,5.70,3.01,2.46,1.88,4.25,2.79,3.26,2.07,-0.67,-0.66,1.90,-1.08,-0.30,-2.41
201012,10.20,7.87,9.41,7.92,9.31,7.20,7.87,8.33,8.22,10.21,6.10,7.95,7.57,8.25,7.97,5.21,6.73,9.26,7.32,8.97,4.64,5.96,7.45,8.39,12.64
201101,-3.30,-1.58,-0.87,-1.32,-0.70,0.56,-0.20,1.17,1.25,1.44,1.97,0.79,2.53,2.52,0.01,1.95,2.98,2.41,1.98,1.24,1.18,3.78,2.63,2.64,2.92
201102,0.97,5.46,3.53,5.72,6.18,5.54,6.46,7.18,5.11,5.51,5.81,5.83,5.21,5.89,3.59,4.32,4.13,4.11,4.34,2.65,2.00,3.45,4.35,4.48,3.69
201103,3.25,3.62,1.45,1.67,1.82,2.32,3.03,3.23,1.00,3.72,5.09,2.55,3.36,1.67,2.37,1.97,2.88,2.32,2.76,-0.23,0.00,-0.68,1.24,0.23,-2.75
201104,2.60,1.29,0.06,1.69,0.41,4.60,2.50,0.92,1.60,0.17,4.21,3.75,3.08,3.50,2.05,3.27,1.68,2.12,2.97,2.41,3.74,4.05,2.00,1.79,1.49
201105,-0.81,-1.38,-2.31,-4.40,-2.75,-1.78,-1.25,-1.20,-2.98,-3.77,-1.17,-1.26,-2.74,-2.68,-0.88,0.06,0.28,-2.32,-0.98,0.05,-0.08,-2.64,-1.54,-1.75,-2.71
201106,-5.11,-3.34,-1.93,-1.89,-2.42,-1.18,-1.46,-1.21,-0.87,-1.81,-0.12,-2.70,-1.24,-1.15,-3.16,-1.83,-2.11,-2.86,-2.19,-1.38,-1.17,-2.32,-1.76,-1.60,-1.92
201107,-5.06,-2.15,-3.42,-0.76,-1.75,-3.49,-4.13,-5.34,-3.08,-4.76,-4.71,-4.10,-3.44,-6.17,-2.88,-4.40,-3.78,-1.79,-4.26,-3.41,-0.04,-1.76,-2.29,-3.18,-4.96
201108,-12.45,-11.54,-10.19,-9.79,-9.67,-9.07,-9.56,-9.63,-8.78,-10.56,-7.83,-8.10,-8.59,-10.94,-7.20,-7.79,-7.37,-8.30,-9.49,-6.85,-3.79,-3.58,-8.47,-4.13,-8.70
201109,-11.67,-14.03,-9.78,-10.46,-10.57,-10.23,-11.04,-12.85,-11.10,-10.11,-10.14,-12.56,-13.09,-10.20,-10.64,-8.79,-11.27,-11.26,-10.62,-9.46,-6.08,-4.98,-7.63,-6.03,-10.68
201110,13.66,15.24,14.52,14.11,9.46,17.39,15.00,17.48,16.13,12.43,14.56,17.07,16.18,16.28,12.48,14.84,15.79,14.97,12.46,11.91,9.05,10.77,12.66,9.20,12.71
201111,-1.89,-0.88,-3.58,-0.23,-0.64,-0.28,-1.40,0.09,1.25,1.31,-1.30,1.01,0.57,0.56,-0.04,-0.40,-0.50,1.34,-0.29,-0.09,-0.50,0.83,0.89,0.67,-4.54
201112,-0.12,1.86,1.09,1.42,1.77,-0.53,0.89,1.58,0.11,1.13,-1.88,0.27,-0.36,1.14,1.67,-2.68,0.26,0.55,2.33,-0.20,-0.46,0.82,2.83,3.20,0.66
201201,11.80,8.13,7.72,7.03,8.02,8.10,6.52,6.96,6.88,3.57,7.81,6.19,7.44,5.60,3.08,9.57,6.27,5.62,3.58,3.49,6.81,2.81,2.96,1.35,7.42
201202,1.17,1.17,0.64,1.34,2.94,4.26,2.77,2.08,3.11,4.25,4.61,3.75,4.23,3.46,3.58,4.80,5.49,3.43,3.98,5.90,5.19,2.98,3.70,4.67,5.53
201203,3.42,3.48,3.29,3.88,4.89,1.88,2.47,3.11,2.91,2.12,1.23,1.91,1.83,2.26,-0.43,4.42,0.55,0.44,0.46,1.61,4.19,2.80,0.91,2.96,6.32
201204,-4.10,-1.82,-2.01,-1.18,-0.24,0.18,-2.70,-2.11,-2.89,-1.12,-2.49,-0.33,-2.01,0.83,-0.64,-0.34,-0.14,0.07,-0.41,-2.27,-0.15,-1.22,-0.91,0.34,-3.26
201205,-8.72,-6.29,-7.72,-6.86,-4.67,-5.69,-5.75,-7.27,-5.84,-6.91,-7.68,-6.19,-7.98,-6.19,-5.53,-7.41,-8.59,-8.60,-7.12,-5.59,-6.20,-4.56,-6.04,-3.63,-9.62
201206,6.68,6.89,6.80,5.48,5.19,6.53,3.50,4.86,3.28,5.66,5.02,2.84,2.29,4.20,3.16,0.41,1.97,3.84,2.42,3.62,2.72,4.06,5.63,4.54,6.34
201207,-2.29,-0.08,-1.93,-1.70,-2.67,-4.60,-0.49,-0.99,-1.11,-0.26,-1.20,-0.67,-1.51,-0.36,-2.28,-1.97,-0.67,1.10,-1.78,-0.67,1.56,1.29,1.91,1.41,-0.25
201208,2.72,1.76,3.41,2.69,3.36,2.05,2.47,2.47,3.47,3.63,4.95,3.99,4.88,3.36,3.58,4.72,2.87,4.03,3.50,4.88,2.53,2.85,1.03,-0.01,5.46
201209,4.88,5.64,4.19,4.45,4.70,4.49,4.13,3.73,3.26,3.77,1.98,2.21,2.42,1.85,4.31,1.47,1.96,3.34,2.61,3.15,1.69,2.72,3.60,3.04,5.11
201210,-5.61,-3.88,-3.02,-3.34,-1.47,-6.44,-2.17,-0.03,-2.23,-0.57,-2.39,-1.01,0.55,0.62,0.06,-1.15,-0.67,-0.23,1.20,1.01,-3.50,-0.83,-2.07,-1.82,4.41
201211,-0.35,2.07,0.12,-0.25,1.19,-0.47,0.48,0.29,0.73,2.37,2.96,3.18,1.90,1.98,0.62,2.90,2.42,1.29,0.05,0.40,1.45,0.25,0.28,-0.91,-2.07
201212,1.20,3.03,4.22,4.29,4.58,3.29,3.50,4.00,3.41,4.61,2.42,4.34,1.23,3.69,4.26,2.18,1.97,2.98,3.52,3.88,-0.77,0.09,1.30,1.89,6.43
201301,7.08,4.68,5.39,5.55,5.62,7.33,6.32,6.85,6.87,5.38,5.12,6.35,6.23,7.66,7.98,7.29,7.25,8.06,6.98,9.85,3.80,5.30,6.59,5.26,7.24
201302,-0.98,-0.40,0.76,1.28,1.82,1.24,1.02,0.44,1.88,1.43,0.33,1.18,1.46,2.41,1.28,0.46,1.80,1.57,0.59,2.50,1.34,0.58,1.92,2.68,0.45
201303,8.06,7.09,4.87,3.75,4.37,5.24,4.80,3.64,4.56,4.64,3.84,4.77,5.51,4.02,6.06,4.17,3.94,4.97,5.80,5.82,3.78,3.25,3.69,4.77,3.35
201304,0.31,0.48,-1.55,0.37,0.30,-1.18,-1.67,-1.65,-1.31,1.94,-1.37,0.49,-1.10,-1.14,-1.00,0.96,0.85,0.12,1.20,1.30,2.14,0.92,2.23,1.95,2.81
201305,7.50,3.12,4.30,6.05,4.40,5.51,4.61,6.66,3.67,8.14,3.51,5.87,5.09,2.49,4.63,3.56,3.32,3.45,2.12,4.46,1.80,3.25,1.05,2.03,6.73
201306,-0.39,-1.06,2.74,0.07,0.32,1.98,-0.34,-1.13,0.81,-2.02,-0.19,-0.79,-1.76,-1.48,-0.09,-2.19,-1.82,-1.00,-2.53,-1.27,-2.24,-0.77,0.04,0.02,-2.28
201307,7.88,9.75,7.31,7.81,8.14,6.49,6.81,7.70,6.36,8.29,8.36,7.14,5.82,7.27,9.71,7.25,5.77,5.42,8.45,5.25,5.05,5.58,4.54,4.84,6.55
201308,-2.34,-2.80,-3.26,-3.69,-2.73,0.15,-2.32,-3.12,-3.97,-3.55,-2.20,-1.95,-3.45,-4.71,-3.55,-1.39,-2.16,-3.34,-2.32,-3.99,-0.91,-3.33,-3.26,-3.89,-4.59
201309,7.30,8.13,6.77,6.64,6.24,6.85,6.51,7.23,6.22,4.85,6.35,5.86,5.88,5.16,3.66,5.55,5.16,5.77,4.82,4.86,4.29,2.98,2.21,2.31,1.93
201310,-0.32,0.53,3.07,3.55,2.91,0.14,1.74,2.45,3.72,5.64,2.97,3.91,2.55,4.61,6.13,1.55,3.67,3.32,5.62,4.88,4.70,4.20,5.48,4.35,3.39
201311,7.57,6.57,5.98,6.61,4.44,6.25,3.39,3.01,4.07,4.12,3.17,2.23,4.73,3.13,3.51,1.99,2.10,0.85,-0.04,2.03,3.50,2.76,3.20,1.87,5.30
201312,2.57,2.88,2.43,0.75,2.13,2.71,1.13,3.27,1.36,1.36,1.85,3.68,3.21,3.46,2.10,3.49,3.17,3.10,3.04,2.82,2.34,2.70,3.75,2.28,1.69
201401,2.36,-1.62,-3.05,-3.89,-2.42,0.68,-3.51,-4.74,-4.85,-6.64,-0.75,-3.95,-3.95,-1.67,-2.71,-2.49,-2.67,-2.65,-5.28,-1.72,-3.75,-2.36,-4.60,-4.06,-3.23
201402,4.46,4.30,3.14,5.47,5.16,4.60,4.47,5.52,4.70,4.72,6.42,4.40,4.19,5.82,6.28,6.19,5.21,5.01,5.23,5.37,4.99,5.19,4.93,2.64,2.48
201403,-3.55,0.07,0.24,1.62,1.60,-4.09,0.68,1.18,1.82,2.39,-4.35,-0.03,0.19,1.83,1.59,-2.54,0.81,-0.35,2.07,4.02,-0.97,0.20,1.14,4.10,3.50
201404,-8.67,-6.83,-4.60,-3.62,-3.75,-7.30,-2.36,-2.26,-2.42,-1.92,-5.10,-2.33,-0.81,-1.94,-2.72,-3.33,-0.95,-0.07,0.78,0.22,1.00,0.29,0.67,2.27,-1.41
201405,-3.20,0.95,-1.08,-0.27,-0.41,-0.97,1.19,1.28,0.38,-1.58,1.18,-0.06,3.00,1.70,0.81,3.18,1.70,2.75,1.52,1.42,2.95,2.24,1.77,1.44,1.05
201406,6.18,9.98,3.60,4.01,4.01,7.91,6.64,5.68,4.45,5.98,6.21,4.67,3.81,4.70,5.59,4.77,3.08,3.49,4.42,3.99,1.16,1.54,1.99,2.86,3.46
201407,-9.05,-7.52,-5.32,-5.04,-4.72,-5.44,-6.11,-5.06,-6.30,-6.34,-5.31,-6.50,-5.58,-5.76,-4.03,-2.10,-4.54,-2.72,-3.53,-4.15,-1.48,-1.21,-0.29,-1.32,-1.90
201408,3.26,4.75,3.84,3.91,3.11,5.63,4.57,3.92,4.97,5.69,6.01,4.48,5.48,4.30,4.88,5.75,5.47,5.44,3.72,4.56,4.78,4.53,2.92,2.05,4.81
201409,-6.83,-4.99,-6.80,-5.25,-6.05,-4.67,-4.78,-4.84,-5.52,-9.39,-3.04,-5.47,-6.12,-5.75,-7.46,-2.91,-3.75,-4.26,-4.38,-4.90,-0.44,-0.85,-2.04,-2.78,-0.56
201410,5.82,6.98,5.45,7.50,3.93,8.27,6.74,5.39,6.71,2.82,5.96,6.11,3.70,3.87,4.33,4.05,0.66,3.10,3.05,0.54,2.53,2.66,1.92,0.13,1.95
201411,0.21,-0.31,-1.40,-1.71,-2.20,1.04,-0.35,0.05,-0.64,-1.46,2.87,2.63,-0.52,0.55,-0.66,3.63,3.30,3.18,0.14,-1.53,3.83,3.86,3.31,0.53,0.67
201412,6.19,6.06,5.50,4.25,4.03,0.98,3.74,2.92,2.66,2.57,1.54,1.17,0.25,2.07,-0.11,0.19,1.09,-0.33,0.44,1.45,-1.48,-1.20,0.15,-0.48,2.31
201501,-3.90,-7.20,-4.72,-5.05,-4.63,-1.84,-3.77,-4.88,-5.40,-5.70,-0.48,-2.22,-2.79,-5.68,-2.83,-1.24,-1.71,-2.42,-1.89,-2.32,-0.89,-2.73,-3.82,-4.87,-6.55
201502,5.04,5.26,6.68,5.22,5.82,8.11,6.38,7.33,6.30,3.16,8.43,7.42,8.91,6.47,4.07,7.41,7.07,8.94,6.76,3.55,6.03,6.17,5.90,6.03,4.79
